season,team,conference,totalPlays,passingPlays,rushingPlays
2004,Air Force,Mountain West,147,33.0,110.00000000000001
2004,Akron,Mid-American,131,70.0,55.0
2004,Alabama,SEC,677,224.0,434.0
2004,Arizona,Pac-12,681,314.0,354.00000000000006
2004,Arizona State,Pac-12,823,429.0,370.0
2004,Arkansas,SEC,699,279.0,406.0
2004,Arkansas State,Sun Belt,268,140.0,120.0
2004,Army,FBS Independents,67,30.0,34.0
2004,Auburn,SEC,753,279.0,452.0
2004,Ball State,Mid-American,175,81.0,91.0
2004,Baylor,Big 12,720,385.0,319.0
2004,Boise State,Mountain West,757,301.0,436.00000000000006
2004,Boston College,ACC,843,422.00000000000006,398.0
2004,Bowling Green,Mid-American,199,98.0,97.0
2004,Buffalo,Mid-American,119,51.0,64.0
2004,BYU,FBS Independents,266,157.0,104.0
2004,California,Pac-12,790,308.0,452.99999999999994
2004,Central Michigan,Mid-American,137,74.0,62.0
2004,Cincinnati,American Athletic,365,155.0,195.0
2004,Clemson,ACC,639,328.0,296.0
2004,Colorado,Pac-12,777,379.0,378.0
2004,Colorado State,Mountain West,268,140.0,121.0
2004,Connecticut,American Athletic,835,447.00000000000006,370.0
2004,Duke,ACC,617,284.0,317.0
2004,East Carolina,American Athletic,278,151.0,120.0
2004,Eastern Michigan,Mid-American,77,39.99999999999999,34.0
2004,Florida,SEC,699,344.0,338.0
2004,Florida State,ACC,756,372.0,363.0
2004,Fresno State,Mountain West,392,171.0,209.0
2004,Georgia,SEC,717,304.0,390.0
2004,Georgia Southern,Sun Belt,76,13.0,58.0
2004,Georgia Tech,ACC,795,352.0,427.0
2004,Hawai'i,Mountain West,271,190.0,73.0
2004,Houston,American Athletic,208,103.0,97.0
2004,Illinois,Big Ten,720,347.0,358.0
2004,Indiana,Big Ten,677,276.0,379.0
2004,Iowa,Big Ten,719,343.0,356.0
2004,Iowa State,Big 12,855,360.0,476.99999999999994
2004,Kansas,Big 12,771,406.0,342.0
2004,Kansas State,Big 12,682,280.0,382.99999999999994
2004,Kent State,Mid-American,138,86.0,48.0
2004,Kentucky,SEC,635,326.99999999999994,294.0
2004,Louisiana,Sun Belt,50,18.0,30.0
2004,Louisiana Monroe,Sun Belt,127,54.0,67.0
2004,Louisiana Tech,Conference USA,312,154.0,151.0
2004,Louisville,ACC,671,273.0,377.0
2004,LSU,SEC,720,282.0,417.00000000000006
2004,Marshall,Conference USA,181,97.0,79.0
2004,Maryland,Big Ten,731,314.0,396.00000000000006
2004,Memphis,American Athletic,298,153.0,139.0
2004,Miami,ACC,700,351.0,332.0
2004,Miami (OH),Mid-American,124,88.0,36.0
2004,Michigan,Big Ten,779,368.0,387.0
2004,Michigan State,Big Ten,873,380.0,465.0
2004,Middle Tennessee,Conference USA,58,35.0,22.0
2004,Minnesota,Big Ten,730,246.0,460.0
2004,Mississippi State,SEC,681,287.0,371.0
2004,Missouri,SEC,797,355.0,418.99999999999994
2004,Navy,American Athletic,256,34.0,212.0
2004,NC State,ACC,749,344.0,388.0
2004,Nebraska,Big Ten,700,303.0,381.0
2004,Nevada,Mountain West,73,44.0,26.0
2004,New Mexico,Mountain West,308,138.0,164.0
2004,New Mexico State,FBS Independents,112,48.0,59.0
2004,North Carolina,ACC,744,324.0,400.0
2004,Northern Illinois,Mid-American,216,87.0,121.00000000000001
2004,North Texas,Conference USA,244,112.0,122.99999999999999
2004,Northwestern,Big Ten,878,438.0,414.0
2004,Notre Dame,FBS Independents,654,288.0,351.99999999999994
2004,Ohio,Mid-American,134,71.0,59.0
2004,Ohio State,Big Ten,725,312.0,395.0
2004,Oklahoma,Big 12,845,336.0,488.00000000000006
2004,Oklahoma State,Big 12,750,193.00000000000003,533.0
2004,Ole Miss,SEC,772,347.0,404.0
2004,Oregon,Pac-12,779,374.0,384.0
2004,Oregon State,Pac-12,872,514.0,332.0
2004,Penn State,Big Ten,627,317.00000000000006,297.0
2004,Pittsburgh,ACC,759,367.0,368.0
2004,Purdue,Big Ten,797,426.0,355.0
2004,Rice,Conference USA,151,31.0,114.0
2004,Rutgers,Big Ten,803,458.99999999999994,329.0
2004,San Diego State,Mountain West,215,129.0,78.0
2004,San José State,Mountain West,194,64.0,123.99999999999999
2004,SMU,American Athletic,265,140.0,117.0
2004,South Carolina,SEC,719,277.0,420.0
2004,Southern Mississippi,Conference USA,307,150.0,149.0
2004,South Florida,American Athletic,181,86.0,91.00000000000001
2004,Stanford,Pac-12,740,407.00000000000006,319.0
2004,Syracuse,ACC,707,290.0,389.99999999999994
2004,TCU,Big 12,206,100.0,100.0
2004,Temple,American Athletic,695,327.0,346.0
2004,Tennessee,SEC,769,329.0,416.0
2004,Texas,Big 12,790,238.0,523.0
2004,Texas A&M,SEC,720,329.0,368.0
2004,Texas State,Sun Belt,66,28.0,37.0
2004,Texas Tech,Big 12,880,621.0,242.00000000000003
2004,Toledo,Mid-American,263,147.0,108.0
2004,Troy,Sun Belt,223,87.0,129.0
2004,Tulane,American Athletic,112,59.0,50.0
2004,Tulsa,American Athletic,244,95.0,140.0
2004,UAB,Conference USA,258,109.0,142.0
2004,UCF,American Athletic,180,84.0,90.0
2004,UCLA,Pac-12,788,351.0,416.0
2004,UMass,FBS Independents,60,35.0,23.0
2004,UNLV,Mountain West,183,77.0,99.00000000000001
2004,USC,Pac-12,800,369.0,409.0
2004,Utah,Pac-12,758,283.0,453.00000000000006
2004,Utah State,Mountain West,187,106.00000000000001,74.0
2004,UTEP,Conference USA,399,213.0,173.0
2004,Vanderbilt,SEC,627,263.0,346.0
2004,Virginia,ACC,797,285.0,488.00000000000006
2004,Virginia Tech,ACC,785,285.0,466.0
2004,Wake Forest,ACC,738,246.0,471.0
2004,Washington,Pac-12,803,399.0,384.0
2004,Washington State,Pac-12,765,381.0,367.0
2004,Western Kentucky,Conference USA,45,21.0,23.0
2004,Western Michigan,Mid-American,143,77.0,61.99999999999999
2004,West Virginia,Big 12,708,215.0,470.00000000000006
2004,Wisconsin,Big Ten,784,292.0,462.99999999999994
2004,Wyoming,Mountain West,253,135.0,111.0
2005,Air Force,Mountain West,599,161.0,428.0
2005,Akron,Mid-American,913,547.0,354.0
2005,Alabama,SEC,774,354.0,404.0
2005,Appalachian State,Sun Belt,120,55.0,65.0
2005,Arizona,Pac-12,590,323.0,261.0
2005,Arizona State,Pac-12,857,465.0,384.0
2005,Arkansas,SEC,450,182.0,259.0
2005,Arkansas State,Sun Belt,125,48.0,75.0
2005,Army,FBS Independents,632,285.0,339.0
2005,Auburn,SEC,715,318.0,385.99999999999994
2005,Ball State,Mid-American,573,288.0,279.0
2005,Baylor,Big 12,595,327.0,257.0
2005,Boise State,Mountain West,329,163.0,162.0
2005,Boston College,ACC,824,403.0,410.0
2005,Bowling Green,Mid-American,633,345.0,284.0
2005,Buffalo,Mid-American,661,339.0,319.0
2005,BYU,FBS Independents,776,453.0,312.0
2005,California,Pac-12,692,303.0,380.0
2005,Central Michigan,Mid-American,746,389.0,346.0
2005,Cincinnati,American Athletic,731,366.0,361.0
2005,Clemson,ACC,800,380.0,396.0
2005,Colorado,Pac-12,773,412.0,342.0
2005,Colorado State,Mountain West,709,363.0,333.0
2005,Connecticut,American Athletic,760,319.0,429.0
2005,Duke,ACC,672,304.0,361.0
2005,East Carolina,American Athletic,669,327.0,327.0
2005,Eastern Michigan,Mid-American,682,379.99999999999994,286.0
2005,Florida,SEC,799,396.0,390.0
2005,Florida Atlantic,Conference USA,249,106.0,140.0
2005,Florida International,Conference USA,79,41.0,37.0
2005,Florida State,ACC,710,429.0,266.0
2005,Fresno State,Mountain West,637,317.0,311.0
2005,Georgia,SEC,788,346.0,420.00000000000006
2005,Georgia Tech,ACC,851,415.0,424.0
2005,Hawai'i,Mountain West,345,240.0,101.0
2005,Houston,American Athletic,763,380.0,370.0
2005,Illinois,Big Ten,697,343.0,341.0
2005,Indiana,Big Ten,639,324.0,312.0
2005,Iowa,Big Ten,815,405.0,394.0
2005,Iowa State,Big 12,736,337.0,386.00000000000006
2005,Kansas,Big 12,780,400.99999999999994,362.0
2005,Kansas State,Big 12,371,172.0,193.0
2005,Kent State,Mid-American,535,337.0,191.99999999999997
2005,Kentucky,SEC,480,250.00000000000003,222.0
2005,Liberty,FBS Independents,45,21.0,24.0
2005,Louisiana,Sun Belt,192,93.0,97.0
2005,Louisiana Monroe,Sun Belt,129,70.0,59.0
2005,Louisiana Tech,Conference USA,196,103.0,90.0
2005,Louisville,ACC,767,357.0,395.00000000000006
2005,LSU,SEC,802,356.0,432.0
2005,Marshall,Conference USA,731,396.00000000000006,327.0
2005,Maryland,Big Ten,688,322.0,349.0
2005,Memphis,American Athletic,792,232.0,538.0
2005,Miami,ACC,744,346.0,383.0
2005,Miami (OH),Mid-American,736,382.99999999999994,334.0
2005,Michigan,Big Ten,862,402.0,440.00000000000006
2005,Michigan State,Big Ten,693,332.0,355.00000000000006
2005,Middle Tennessee,Conference USA,151,84.0,65.0
2005,Minnesota,Big Ten,890,320.0,556.0
2005,Mississippi State,SEC,531,254.0,269.0
2005,Missouri,SEC,767,378.0,377.0
2005,Navy,American Athletic,686,136.0,542.0
2005,NC State,ACC,515,259.0,247.0
2005,Nebraska,Big Ten,832,453.0,357.0
2005,Nevada,Mountain West,347,167.0,175.0
2005,New Mexico,Mountain West,794,306.0,474.00000000000006
2005,New Mexico State,FBS Independents,270,176.0,90.0
2005,North Carolina,ACC,732,374.0,346.0
2005,Northern Illinois,Mid-American,607,266.0,334.0
2005,North Texas,Conference USA,119,57.0,60.0
2005,Northwestern,Big Ten,903,484.00000000000006,407.0
2005,Notre Dame,FBS Independents,874,442.00000000000006,420.0
2005,Ohio,Mid-American,643,268.0,370.99999999999994
2005,Ohio State,Big Ten,757,290.0,444.0
2005,Oklahoma,Big 12,804,336.0,454.99999999999994
2005,Oklahoma State,Big 12,722,330.0,380.99999999999994
2005,Ole Miss,SEC,684,380.99999999999994,292.0
2005,Oregon,Pac-12,733,384.0,328.0
2005,Oregon State,Pac-12,609,333.0,260.0
2005,Penn State,Big Ten,785,322.0,447.0
2005,Pittsburgh,ACC,718,352.0,348.0
2005,Purdue,Big Ten,778,410.99999999999994,358.0
2005,Rice,Conference USA,735,215.0,515.0
2005,Rutgers,Big Ten,771,349.0,402.0
2005,San Diego State,Mountain West,808,397.0,395.0
2005,San José State,Mountain West,172,93.0,77.0
2005,SMU,American Athletic,543,252.0,277.0
2005,South Carolina,SEC,670,345.00000000000006,314.0
2005,Southern Mississippi,Conference USA,772,387.0,362.0
2005,South Florida,American Athletic,823,306.0,506.00000000000006
2005,Stanford,Pac-12,643,327.0,301.0
2005,Syracuse,ACC,688,327.0,351.0
2005,TCU,Big 12,844,379.0,447.0
2005,Temple,American Athletic,552,277.0,271.0
2005,Tennessee,SEC,712,348.0,349.0
2005,Texas,Big 12,835,309.0,512.0
2005,Texas A&M,SEC,637,275.0,345.0
2005,Texas State,Sun Belt,60,34.0,25.0
2005,Texas Tech,Big 12,814,577.0,225.0
2005,Toledo,Mid-American,795,352.0,429.0
2005,Troy,Sun Belt,140,78.0,60.0
2005,Tulane,American Athletic,631,379.0,249.0
2005,Tulsa,American Athletic,824,396.0,410.0
2005,UAB,Conference USA,570,315.00000000000006,243.0
2005,UCF,American Athletic,913,404.0,486.0
2005,UCLA,Pac-12,757,374.0,370.0
2005,UNLV,Mountain West,664,384.0,269.0
2005,USC,Pac-12,818,413.0,397.0
2005,Utah,Pac-12,853,403.0,435.0
2005,Utah State,Mountain West,192,88.0,101.0
2005,UTEP,Conference USA,710,386.00000000000006,306.0
2005,Vanderbilt,SEC,551,318.0,224.0
2005,Virginia,ACC,725,346.0,358.0
2005,Virginia Tech,ACC,841,310.0,511.99999999999994
2005,Wake Forest,ACC,647,261.0,372.0
2005,Washington,Pac-12,611,315.0,287.0
2005,Washington State,Pac-12,473,212.0,252.00000000000003
2005,Western Kentucky,Conference USA,53,24.0,29.0
2005,Western Michigan,Mid-American,662,315.0,339.0
2005,West Virginia,Big 12,754,195.0,549.0
2005,Wisconsin,Big Ten,831,343.0,473.0
2005,Wyoming,Mountain West,617,347.0,264.0
2006,Air Force,Mountain West,767,154.0,603.0
2006,Akron,Mid-American,707,392.00000000000006,309.0
2006,Alabama,SEC,758,372.0,368.0
2006,Arizona,Pac-12,582,344.0,227.0
2006,Arizona State,Pac-12,735,327.0,396.0
2006,Arkansas,SEC,730,263.0,461.99999999999994
2006,Arkansas State,Sun Belt,250,102.0,145.0
2006,Army,FBS Independents,567,254.0,304.0
2006,Auburn,SEC,729,302.0,407.00000000000006
2006,Ball State,Mid-American,711,367.0,327.0
2006,Baylor,Big 12,473,338.0,128.0
2006,Boise State,Mountain West,716,267.0,437.0
2006,Boston College,ACC,857,460.0,381.0
2006,Bowling Green,Mid-American,804,351.0,449.00000000000006
2006,Buffalo,Mid-American,700,371.0,321.0
2006,BYU,FBS Independents,708,379.0,316.0
2006,California,Pac-12,660,334.0,313.0
2006,Central Michigan,Mid-American,732,389.0,334.0
2006,Cincinnati,American Athletic,820,349.0,451.00000000000006
2006,Clemson,ACC,722,318.0,388.0
2006,Colorado,Pac-12,697,278.0,400.0
2006,Colorado State,Mountain West,638,354.0,277.0
2006,Connecticut,American Athletic,755,318.0,430.0
2006,Duke,ACC,732,390.0,338.0
2006,East Carolina,American Athletic,851,434.0,397.0
2006,Eastern Michigan,Mid-American,726,385.0,325.0
2006,Florida,SEC,813,391.0,415.0
2006,Florida Atlantic,Conference USA,195,104.0,89.0
2006,Florida International,Conference USA,275,151.0,122.0
2006,Florida State,ACC,769,449.0,306.0
2006,Fresno State,Mountain West,222,116.0,102.0
2006,Georgia,SEC,747,344.0,385.0
2006,Georgia Tech,ACC,718,305.0,403.0
2006,Hawai'i,Mountain West,307,211.0,89.0
2006,Houston,American Athletic,852,429.99999999999994,406.0
2006,Illinois,Big Ten,744,343.0,385.0
2006,Indiana,Big Ten,735,400.00000000000006,324.0
2006,Iowa,Big Ten,816,416.0,385.0
2006,Iowa State,Big 12,680,359.0,313.0
2006,Kansas,Big 12,758,361.0,383.0
2006,Kansas State,Big 12,532,301.0,220.0
2006,Kent State,Mid-American,712,282.0,428.0
2006,Kentucky,SEC,548,308.0,233.0
2006,Liberty,FBS Independents,56,29.000000000000004,27.0
2006,Louisiana,Sun Belt,220,83.0,131.0
2006,Louisiana Monroe,Sun Belt,121,65.0,54.0
2006,Louisiana Tech,Conference USA,245,149.0,95.0
2006,Louisville,ACC,808,376.0,411.0
2006,LSU,SEC,748,344.0,395.0
2006,Marshall,Conference USA,525,242.0,277.0
2006,Maryland,Big Ten,757,336.0,402.0
2006,Memphis,American Athletic,744,394.0,335.0
2006,Miami,ACC,744,357.0,373.0
2006,Miami (OH),Mid-American,777,445.0,320.0
2006,Michigan,Big Ten,813,326.0,468.99999999999994
2006,Michigan State,Big Ten,768,421.0,332.0
2006,Middle Tennessee,Conference USA,305,167.0,136.0
2006,Minnesota,Big Ten,789,369.0,410.0
2006,Mississippi State,SEC,659,341.0,313.0
2006,Missouri,SEC,878,450.00000000000006,409.0
2006,Navy,American Athletic,806,125.0,671.0
2006,NC State,ACC,672,373.0,286.0
2006,Nebraska,Big Ten,896,409.0,482.0
2006,Nevada,Mountain West,339,147.0,186.0
2006,New Mexico,Mountain West,779,398.00000000000006,364.0
2006,New Mexico State,FBS Independents,244,188.0,55.0
2006,North Carolina,ACC,672,336.0,326.0
2006,Northern Illinois,Mid-American,800,391.0,389.0
2006,North Texas,Conference USA,214,87.0,125.0
2006,Northwestern,Big Ten,725,346.0,370.0
2006,Notre Dame,FBS Independents,822,455.00000000000006,359.0
2006,Ohio,Mid-American,819,341.0,465.0
2006,Ohio State,Big Ten,745,317.0,419.0
2006,Oklahoma,Big 12,850,328.0,502.0
2006,Oklahoma State,Big 12,764,304.0,449.0
2006,Ole Miss,SEC,559,228.0,320.0
2006,Oregon,Pac-12,899,479.00000000000006,406.0
2006,Oregon State,Pac-12,739,362.0,359.0
2006,Penn State,Big Ten,854,430.0,403.0
2006,Pittsburgh,ACC,673,326.0,334.0
2006,Purdue,Big Ten,817,497.0,312.0
2006,Rice,Conference USA,808,438.00000000000006,359.0
2006,Rutgers,Big Ten,759,288.0,448.99999999999994
2006,San Diego State,Mountain West,683,312.0,365.00000000000006
2006,San José State,Mountain West,198,73.0,123.0
2006,SMU,American Athletic,661,304.0,346.0
2006,South Carolina,SEC,748,377.0,353.0
2006,Southern Mississippi,Conference USA,831,339.0,475.0
2006,South Florida,American Athletic,787,360.0,419.0
2006,Stanford,Pac-12,520,276.0,237.0
2006,Syracuse,ACC,696,334.0,347.0
2006,TCU,Big 12,851,342.0,488.0
2006,Temple,American Athletic,521,292.0,226.0
2006,Tennessee,SEC,762,407.0,337.0
2006,Texas,Big 12,790,359.0,421.99999999999994
2006,Texas A&M,SEC,806,330.0,459.99999999999994
2006,Texas Tech,Big 12,800,605.0,182.0
2006,Toledo,Mid-American,796,385.0,404.99999999999994
2006,Troy,Sun Belt,226,135.0,88.0
2006,Tulane,American Athletic,742,430.0,303.0
2006,Tulsa,American Athletic,739,329.0,400.0
2006,UAB,Conference USA,695,305.0,379.0
2006,UCF,American Athletic,795,381.0,395.0
2006,UCLA,Pac-12,813,400.0,384.0
2006,UMass,FBS Independents,63,31.0,31.0
2006,UNLV,Mountain West,667,383.0,274.0
2006,USC,Pac-12,801,424.99999999999994,359.0
2006,Utah,Pac-12,769,391.0,363.0
2006,Utah State,Mountain West,106,49.0,56.0
2006,UTEP,Conference USA,638,383.0,238.0
2006,Vanderbilt,SEC,520,254.0,259.0
2006,Virginia,ACC,580,293.0,277.0
2006,Virginia Tech,ACC,739,328.0,393.0
2006,Wake Forest,ACC,746,292.0,433.00000000000006
2006,Washington,Pac-12,541,273.0,259.0
2006,Washington State,Pac-12,516,285.0,224.0
2006,Western Kentucky,Conference USA,61,27.0,33.0
2006,Western Michigan,Mid-American,728,348.0,365.0
2006,West Virginia,Big 12,755,224.00000000000003,514.0
2006,Wisconsin,Big Ten,825,341.0,469.0
2006,Wyoming,Mountain West,671,323.0,338.0
2007,Air Force,Mountain West,808,206.0,584.0
2007,Akron,Mid-American,710,341.0,355.0
2007,Alabama,SEC,895,445.0,426.0
2007,Appalachian State,Sun Belt,66,24.0,40.0
2007,Arizona,Pac-12,697,453.0,225.0
2007,Arizona State,Pac-12,761,376.0,366.0
2007,Arkansas,SEC,802,271.0,513.0
2007,Arkansas State,Sun Belt,516,278.0,229.0
2007,Army,FBS Independents,726,376.0,342.0
2007,Auburn,SEC,860,362.0,482.00000000000006
2007,Ball State,Mid-American,832,430.00000000000006,387.0
2007,Baylor,Big 12,731,502.99999999999994,224.0
2007,Boise State,Mountain West,900,433.0,450.99999999999994
2007,Boston College,ACC,1005,637.0,358.0
2007,Bowling Green,Mid-American,753,433.00000000000006,307.0
2007,Buffalo,Mid-American,326,184.0,133.0
2007,BYU,FBS Independents,847,438.0,399.0
2007,California,Pac-12,848,436.00000000000006,399.0
2007,Central Michigan,Mid-American,942,506.0,426.0
2007,Cincinnati,American Athletic,876,443.0,421.0
2007,Clemson,ACC,867,427.0,418.0
2007,Colorado,Pac-12,885,443.0,427.0
2007,Colorado State,Mountain West,515,227.0,278.0
2007,Connecticut,American Athletic,794,341.0,434.0
2007,Duke,ACC,533,293.0,238.0
2007,East Carolina,American Athletic,708,333.0,363.0
2007,Eastern Michigan,Mid-American,730,334.0,388.0
2007,Florida,SEC,756,332.0,414.00000000000006
2007,Florida Atlantic,Conference USA,611,318.0,281.0
2007,Florida International,Conference USA,539,250.0,282.0
2007,Florida State,ACC,891,460.0,403.0
2007,Fresno State,Mountain West,842,338.0,487.00000000000006
2007,Georgia,SEC,825,364.0,443.0
2007,Georgia Tech,ACC,844,357.0,465.00000000000006
2007,Hawai'i,Mountain West,866,633.0,222.0
2007,Houston,American Athletic,445,209.0,227.0
2007,Illinois,Big Ten,881,322.0,543.0
2007,Indiana,Big Ten,794,403.0,372.0
2007,Iowa,Big Ten,784,403.0,371.0
2007,Iowa State,Big 12,857,424.0,423.0
2007,Kansas,Big 12,925,461.0,445.0
2007,Kansas State,Big 12,752,448.99999999999994,282.0
2007,Kent State,Mid-American,553,200.0,343.0
2007,Kentucky,SEC,966,525.0,425.0
2007,Liberty,FBS Independents,49,19.0,28.0
2007,Louisiana,Sun Belt,606,237.0,360.0
2007,Louisiana Monroe,Sun Belt,781,307.0,465.0
2007,Louisiana Tech,Conference USA,599,304.0,288.0
2007,Louisville,ACC,848,475.0,360.0
2007,LSU,SEC,996,436.0,533.0
2007,Marshall,Conference USA,559,307.0,241.0
2007,Maryland,Big Ten,839,370.0,451.0
2007,Memphis,American Athletic,751,439.0,300.0
2007,Miami,ACC,754,308.0,433.0
2007,Miami (OH),Mid-American,635,358.0,264.0
2007,Michigan,Big Ten,916,421.0,481.99999999999994
2007,Michigan State,Big Ten,894,387.0,490.99999999999994
2007,Middle Tennessee,Conference USA,629,273.0,351.0
2007,Minnesota,Big Ten,826,431.0,388.0
2007,Mississippi State,SEC,840,370.0,461.00000000000006
2007,Missouri,SEC,1040,553.0,465.0
2007,Navy,American Athletic,852,126.0,711.0
2007,NC State,ACC,831,506.0,308.0
2007,Nebraska,Big Ten,837,461.00000000000006,368.0
2007,Nevada,Mountain West,815,355.0,442.0
2007,New Mexico,Mountain West,661,321.0,323.0
2007,New Mexico State,FBS Independents,762,480.0,272.0
2007,North Carolina,ACC,664,352.99999999999994,295.0
2007,Northern Illinois,Mid-American,512,256.0,247.0
2007,North Texas,Conference USA,648,392.0,247.00000000000003
2007,Northwestern,Big Ten,883,529.0,342.0
2007,Notre Dame,FBS Independents,796,426.00000000000006,364.0
2007,Ohio,Mid-American,498,202.0,284.0
2007,Ohio State,Big Ten,841,323.0,499.0
2007,Oklahoma,Big 12,878,362.0,503.00000000000006
2007,Oklahoma State,Big 12,698,297.0,395.0
2007,Ole Miss,SEC,684,360.0,314.0
2007,Oregon,Pac-12,962,398.0,545.0
2007,Oregon State,Pac-12,791,368.0,406.99999999999994
2007,Penn State,Big Ten,892,407.0,465.0
2007,Pittsburgh,ACC,763,343.0,402.00000000000006
2007,Purdue,Big Ten,962,581.0,364.0
2007,Rice,Conference USA,408,229.0,174.0
2007,Rutgers,Big Ten,860,360.0,477.0
2007,San Diego State,Mountain West,547,316.0,224.0
2007,San José State,Mountain West,571,314.0,253.0
2007,SMU,American Athletic,560,276.0,274.0
2007,South Carolina,SEC,720,417.00000000000006,290.0
2007,Southern Mississippi,Conference USA,719,332.0,373.0
2007,South Florida,American Athletic,873,383.0,471.0
2007,Stanford,Pac-12,732,411.99999999999994,307.0
2007,Syracuse,ACC,735,417.0,308.0
2007,TCU,Big 12,798,367.0,412.0
2007,Temple,American Athletic,499,266.0,228.0
2007,Tennessee,SEC,879,471.0,387.0
2007,Texas,Big 12,922,432.0,472.0
2007,Texas A&M,SEC,852,350.0,488.00000000000006
2007,Texas State,Sun Belt,89,54.99999999999999,32.0
2007,Texas Tech,Big 12,841,640.0,187.0
2007,Toledo,Mid-American,763,353.0,397.99999999999994
2007,Troy,Sun Belt,839,453.0,373.0
2007,Tulane,American Athletic,581,263.0,308.0
2007,Tulsa,American Athletic,621,353.0,265.0
2007,UAB,Conference USA,325,182.99999999999997,134.0
2007,UCF,American Athletic,850,310.0,517.0
2007,UCLA,Pac-12,906,413.0,468.0
2007,UMass,FBS Independents,58,32.0,26.0
2007,UNLV,Mountain West,746,374.0,357.0
2007,USC,Pac-12,929,437.0,475.99999999999994
2007,Utah,Pac-12,910,406.0,487.0
2007,Utah State,Mountain West,633,259.0,363.0
2007,UTEP,Conference USA,362,207.0,145.0
2007,Vanderbilt,SEC,754,331.0,412.0
2007,Virginia,ACC,877,441.99999999999994,418.0
2007,Virginia Tech,ACC,900,403.0,475.0
2007,Wake Forest,ACC,833,363.0,454.0
2007,Washington,Pac-12,880,391.0,474.00000000000006
2007,Washington State,Pac-12,737,446.0,278.0
2007,Western Kentucky,Conference USA,593,201.0,384.0
2007,Western Michigan,Mid-American,874,450.0,409.0
2007,West Virginia,Big 12,820,261.0,547.0
2007,Wisconsin,Big Ten,893,358.0,514.0
2007,Wyoming,Mountain West,770,387.99999999999994,369.0
2008,Air Force,Mountain West,715,116.0,575.0
2008,Akron,Mid-American,610,303.0,291.0
2008,Alabama,SEC,860,345.0,495.0
2008,Appalachian State,Sun Belt,61,34.0,25.0
2008,Arizona,Pac-12,723,354.0,357.0
2008,Arizona State,Pac-12,745,407.00000000000006,319.0
2008,Arkansas,SEC,758,441.00000000000006,307.0
2008,Arkansas State,Sun Belt,654,280.0,360.0
2008,Army,FBS Independents,722,132.0,582.0
2008,Auburn,SEC,779,350.0,416.99999999999994
2008,Ball State,Mid-American,797,363.0,420.0
2008,Baylor,Big 12,717,299.0,411.0
2008,Boise State,Mountain West,827,411.0,399.0
2008,Boston College,ACC,929,442.0,472.00000000000006
2008,Bowling Green,Mid-American,768,400.0,359.0
2008,Buffalo,Mid-American,878,462.0,403.0
2008,BYU,FBS Independents,858,471.0,376.0
2008,California,Pac-12,788,391.0,382.0
2008,Central Michigan,Mid-American,847,444.0,387.0
2008,Cincinnati,American Athletic,884,468.0,400.0
2008,Clemson,ACC,788,407.0,367.0
2008,Coastal Carolina,Sun Belt,61,32.0,28.0
2008,Colorado,Pac-12,796,398.0,389.0
2008,Colorado State,Mountain West,792,397.0,382.0
2008,Connecticut,American Athletic,879,343.0,513.0
2008,Duke,ACC,781,394.00000000000006,374.0
2008,East Carolina,American Athletic,906,430.0,455.0
2008,Eastern Michigan,Mid-American,788,423.0,355.0
2008,Florida,SEC,795,310.0,472.0
2008,Florida Atlantic,Conference USA,821,444.0,366.0
2008,Florida International,Conference USA,576,302.0,264.0
2008,Florida State,ACC,826,389.0,412.0
2008,Fresno State,Mountain West,815,363.0,438.0
2008,Georgia,SEC,771,383.0,373.0
2008,Georgia Southern,Sun Belt,67,38.0,28.999999999999996
2008,Georgia Tech,ACC,705,167.0,528.0
2008,Hawai'i,Mountain West,857,518.0,329.0
2008,Houston,American Athletic,789,486.00000000000006,293.0
2008,Illinois,Big Ten,778,375.0,388.0
2008,Indiana,Big Ten,705,343.0,352.0
2008,Iowa,Big Ten,789,324.0,445.0
2008,Iowa State,Big 12,814,434.99999999999994,363.0
2008,Kansas,Big 12,851,470.0,370.0
2008,Kansas State,Big 12,784,413.99999999999994,361.0
2008,Kent State,Mid-American,790,304.0,478.0
2008,Kentucky,SEC,828,412.0,399.0
2008,Louisiana,Sun Belt,761,285.0,468.0
2008,Louisiana Monroe,Sun Belt,619,299.0,312.00000000000006
2008,Louisiana Tech,Conference USA,840,355.0,471.0
2008,Louisville,ACC,808,396.0,407.0
2008,LSU,SEC,831,386.0,427.00000000000006
2008,Marshall,Conference USA,730,338.0,383.0
2008,Maryland,Big Ten,804,404.99999999999994,383.0
2008,Memphis,American Athletic,928,426.0,487.0
2008,Miami,ACC,648,329.0,302.0
2008,Miami (OH),Mid-American,762,425.0,317.0
2008,Michigan,Big Ten,760,341.0,408.0
2008,Michigan State,Big Ten,880,406.0,450.99999999999994
2008,Middle Tennessee,Conference USA,723,376.00000000000006,337.0
2008,Minnesota,Big Ten,817,425.0,381.0
2008,Mississippi State,SEC,757,404.0,345.0
2008,Missouri,SEC,903,524.0,359.0
2008,Navy,American Athletic,769,97.0,653.0
2008,NC State,ACC,789,390.0,383.0
2008,Nebraska,Big Ten,853,408.0,426.0
2008,Nevada,Mountain West,899,393.0,492.99999999999994
2008,New Mexico,Mountain West,800,293.0,490.00000000000006
2008,New Mexico State,FBS Independents,638,423.0,209.0
2008,North Carolina,ACC,730,321.0,395.00000000000006
2008,Northern Illinois,Mid-American,781,311.0,452.99999999999994
2008,North Texas,Conference USA,749,456.0,282.0
2008,Northwestern,Big Ten,917,452.0,445.0
2008,Notre Dame,FBS Independents,840,429.99999999999994,397.0
2008,Ohio,Mid-American,662,338.0,312.0
2008,Ohio State,Big Ten,775,273.0,480.0
2008,Oklahoma,Big 12,1000,472.0,519.0
2008,Oklahoma State,Big 12,850,321.0,514.0
2008,Ole Miss,SEC,811,321.0,473.0
2008,Oregon,Pac-12,891,368.0,503.0
2008,Oregon State,Pac-12,893,438.0,437.0
2008,Penn State,Big Ten,841,370.0,450.0
2008,Pittsburgh,ACC,834,399.0,415.0
2008,Purdue,Big Ten,858,507.0,338.0
2008,Rice,Conference USA,806,445.00000000000006,355.0
2008,Rutgers,Big Ten,791,405.0,374.0
2008,San Diego State,Mountain West,680,448.0,224.0
2008,San José State,Mountain West,742,392.0,337.0
2008,SMU,American Athletic,659,469.0,178.99999999999997
2008,South Carolina,SEC,836,463.0,354.0
2008,Southern Mississippi,Conference USA,843,424.00000000000006,408.0
2008,South Florida,American Athletic,881,411.0,453.0
2008,Stanford,Pac-12,735,291.0,431.0
2008,Syracuse,ACC,618,293.0,310.0
2008,TCU,Big 12,952,371.0,564.0
2008,Temple,American Athletic,528,256.0,267.0
2008,Tennessee,SEC,684,319.0,356.0
2008,Texas,Big 12,865,423.0,430.0
2008,Texas A&M,SEC,734,427.99999999999994,299.0
2008,Texas State,Sun Belt,71,25.0,45.0
2008,Texas Tech,Big 12,886,617.0,262.0
2008,Toledo,Mid-American,424,218.00000000000003,199.0
2008,Troy,Sun Belt,864,453.0,390.0
2008,Tulane,American Athletic,691,366.0,316.0
2008,Tulsa,American Athletic,952,373.0,568.0
2008,UAB,Conference USA,676,312.0,345.99999999999994
2008,UCF,American Athletic,739,323.0,406.0
2008,UCLA,Pac-12,798,452.0,327.0
2008,UMass,FBS Independents,59,28.0,31.000000000000004
2008,UNLV,Mountain West,751,370.0,369.0
2008,USC,Pac-12,818,363.0,446.0
2008,Utah,Pac-12,864,400.0,442.0
2008,Utah State,Mountain West,748,354.0,381.0
2008,UTEP,Conference USA,729,398.0,314.0
2008,Vanderbilt,SEC,759,324.0,422.00000000000006
2008,Virginia,ACC,682,393.00000000000006,283.0
2008,Virginia Tech,ACC,914,318.0,572.0
2008,Wake Forest,ACC,855,376.0,462.0
2008,Washington,Pac-12,752,383.99999999999994,358.0
2008,Washington State,Pac-12,787,390.0,387.0
2008,Western Kentucky,Conference USA,578,247.0,321.0
2008,Western Michigan,Mid-American,615,368.0,239.0
2008,West Virginia,Big 12,778,296.0,464.0
2008,Wisconsin,Big Ten,868,349.0,498.0
2008,Wyoming,Mountain West,754,281.0,465.0
2009,Air Force,Mountain West,933,153.0,757.0
2009,Akron,Mid-American,644,329.00000000000006,307.0
2009,Alabama,SEC,903,346.0,526.0
2009,Appalachian State,Sun Belt,69,28.0,39.0
2009,Arizona,Pac-12,881,477.0,387.0
2009,Arizona State,Pac-12,700,391.0,298.0
2009,Arkansas,SEC,778,423.99999999999994,338.0
2009,Arkansas State,Sun Belt,729,346.0,367.99999999999994
2009,Army,FBS Independents,729,160.0,551.0
2009,Auburn,SEC,867,360.0,492.00000000000006
2009,Ball State,Mid-American,670,289.0,360.0
2009,Baylor,Big 12,741,444.0,285.0
2009,Boise State,Mountain West,893,411.0,462.0
2009,Boston College,ACC,789,345.0,431.0
2009,Bowling Green,Mid-American,911,594.0,304.0
2009,Buffalo,Mid-American,658,344.0,307.0
2009,BYU,FBS Independents,805,391.0,404.99999999999994
2009,California,Pac-12,819,401.0,403.0
2009,Central Michigan,Mid-American,863,428.0,418.0
2009,Cincinnati,American Athletic,768,443.0,312.0
2009,Clemson,ACC,852,383.0,449.0
2009,Coastal Carolina,Sun Belt,128,46.0,79.0
2009,Colorado,Pac-12,817,485.0,321.0
2009,Colorado State,Mountain West,708,327.0,369.00000000000006
2009,Connecticut,American Athletic,856,377.0,463.99999999999994
2009,Duke,ACC,836,519.0,299.0
2009,East Carolina,American Athletic,943,439.0,483.0
2009,Eastern Michigan,Mid-American,650,303.0,336.0
2009,Florida,SEC,864,359.0,483.0
2009,Florida Atlantic,Conference USA,825,433.99999999999994,383.0
2009,Florida International,Conference USA,794,433.0,353.0
2009,Florida State,ACC,813,425.0,369.0
2009,Fresno State,Mountain West,795,307.0,473.0
2009,Georgia,SEC,763,333.0,409.0
2009,Georgia Southern,Sun Belt,62,33.0,28.0
2009,Georgia Tech,ACC,894,165.0,715.0
2009,Hawai'i,Mountain West,733,512.0,211.0
2009,Houston,American Athletic,1074,697.0,357.0
2009,Illinois,Big Ten,796,349.0,439.0
2009,Indiana,Big Ten,778,430.0,331.0
2009,Iowa,Big Ten,823,400.0,404.0
2009,Iowa State,Big 12,865,376.0,475.99999999999994
2009,Kansas,Big 12,827,504.00000000000006,311.0
2009,Kansas State,Big 12,769,307.0,449.0
2009,Kent State,Mid-American,761,392.00000000000006,356.0
2009,Kentucky,SEC,754,301.0,441.0
2009,Liberty,FBS Independents,59,34.0,23.0
2009,Louisiana,Sun Belt,818,398.0,410.99999999999994
2009,Louisiana Monroe,Sun Belt,774,324.0,437.0
2009,Louisiana Tech,Conference USA,628,267.0,354.0
2009,Louisville,ACC,759,388.0,359.0
2009,LSU,SEC,738,347.0,372.0
2009,Marshall,Conference USA,835,411.0,409.0
2009,Maryland,Big Ten,777,407.99999999999994,351.0
2009,Memphis,American Athletic,656,321.0,324.0
2009,Miami,ACC,828,417.0,397.0
2009,Miami (OH),Mid-American,679,455.99999999999994,216.99999999999997
2009,Michigan,Big Ten,771,333.0,426.0
2009,Michigan State,Big Ten,728,366.0,345.0
2009,Middle Tennessee,Conference USA,901,422.0,462.00000000000006
2009,Minnesota,Big Ten,778,402.0,363.0
2009,Mississippi State,SEC,780,268.0,496.99999999999994
2009,Missouri,SEC,871,452.0,393.0
2009,Navy,American Athletic,878,132.0,735.0
2009,NC State,ACC,790,417.00000000000006,363.0
2009,Nebraska,Big Ten,843,359.0,459.0
2009,Nevada,Mountain West,820,281.0,533.0
2009,New Mexico,Mountain West,799,486.0,297.0
2009,New Mexico State,FBS Independents,725,279.0,438.0
2009,North Carolina,ACC,820,370.0,428.0
2009,Northern Illinois,Mid-American,717,261.0,440.00000000000006
2009,North Texas,Conference USA,713,366.99999999999994,338.0
2009,Northwestern,Big Ten,998,531.0,449.0
2009,Notre Dame,FBS Independents,805,433.0,353.0
2009,Ohio,Mid-American,692,339.0,335.0
2009,Ohio State,Big Ten,849,312.0,516.0
2009,Oklahoma,Big 12,959,499.00000000000006,442.0
2009,Oklahoma State,Big 12,840,325.0,503.0
2009,Ole Miss,SEC,837,367.0,454.00000000000006
2009,Oregon,Pac-12,829,327.0,486.00000000000006
2009,Oregon State,Pac-12,879,476.0,380.0
2009,Penn State,Big Ten,821,382.0,423.00000000000006
2009,Pittsburgh,ACC,783,327.0,433.00000000000006
2009,Purdue,Big Ten,803,443.0,346.0
2009,Rice,Conference USA,832,466.0,357.0
2009,Rutgers,Big Ten,776,350.0,407.0
2009,San Diego State,Mountain West,661,385.0,267.0
2009,San José State,Mountain West,532,306.0,221.0
2009,SMU,American Athletic,805,481.99999999999994,312.0
2009,South Carolina,SEC,847,453.0,376.0
2009,Southern Mississippi,Conference USA,821,373.0,437.0
2009,South Florida,American Athletic,764,313.0,438.0
2009,Stanford,Pac-12,748,288.0,444.00000000000006
2009,Syracuse,ACC,746,360.0,372.0
2009,TCU,Big 12,854,306.0,535.0
2009,Temple,American Athletic,636,221.0,400.0
2009,Tennessee,SEC,830,388.0,430.0
2009,Texas,Big 12,995,533.0,438.0
2009,Texas A&M,SEC,995,503.00000000000006,481.0
2009,Texas State,Sun Belt,62,42.0,20.0
2009,Texas Tech,Big 12,927,662.0,253.99999999999997
2009,Toledo,Mid-American,801,439.0,352.0
2009,Troy,Sun Belt,926,526.0,382.0
2009,Tulane,American Athletic,729,371.00000000000006,349.0
2009,Tulsa,American Athletic,821,408.0,400.0
2009,UAB,Conference USA,600,249.0,340.0
2009,UCF,American Athletic,809,385.0,410.00000000000006
2009,UCLA,Pac-12,843,443.0,371.0
2009,UMass,FBS Independents,57,32.0,24.0
2009,UNLV,Mountain West,763,405.0,349.0
2009,USC,Pac-12,769,375.0,381.0
2009,Utah,Pac-12,857,399.0,436.99999999999994
2009,Utah State,Mountain West,775,367.0,394.0
2009,UTEP,Conference USA,626,346.0,270.0
2009,Vanderbilt,SEC,703,343.0,346.0
2009,Virginia,ACC,757,388.00000000000006,352.0
2009,Virginia Tech,ACC,781,262.0,500.0
2009,Wake Forest,ACC,795,408.0,375.0
2009,Washington,Pac-12,763,402.00000000000006,343.0
2009,Washington State,Pac-12,646,361.0,277.0
2009,Western Kentucky,Conference USA,731,335.0,382.99999999999994
2009,Western Michigan,Mid-American,821,511.00000000000006,300.0
2009,West Virginia,Big 12,815,357.0,444.99999999999994
2009,Wisconsin,Big Ten,867,337.0,513.0
2009,Wyoming,Mountain West,880,430.0,435.0
2010,Air Force,Mountain West,805,144.0,654.0
2010,Akron,Mid-American,730,372.0,347.0
2010,Alabama,SEC,769,359.0,392.0
2010,Appalachian State,Sun Belt,65,28.0,36.0
2010,Arizona,Pac-12,920,524.0,380.0
2010,Arizona State,Pac-12,838,472.00000000000006,349.0
2010,Arkansas,SEC,816,443.99999999999994,356.0
2010,Arkansas State,Sun Belt,593,319.0,265.0
2010,Army,FBS Independents,743,124.99999999999999,604.0
2010,Auburn,SEC,872,280.0,575.0
2010,Ball State,Mid-American,726,305.0,406.99999999999994
2010,Baylor,Big 12,883,460.0,404.0
2010,Boise State,Mountain West,830,385.0,428.99999999999994
2010,Boston College,ACC,752,342.0,389.0
2010,Bowling Green,Mid-American,684,419.0,260.0
2010,Buffalo,Mid-American,829,420.0,401.0
2010,BYU,FBS Independents,903,428.0,459.0
2010,California,Pac-12,727,335.0,380.99999999999994
2010,Central Michigan,Mid-American,758,441.00000000000006,306.0
2010,Cincinnati,American Athletic,786,431.00000000000006,343.0
2010,Clemson,ACC,820,402.0,404.0
2010,Coastal Carolina,Sun Belt,56,25.0,31.0
2010,Colorado,Pac-12,812,396.0,405.0
2010,Colorado State,Mountain West,757,418.0,325.0
2010,Connecticut,American Athletic,839,359.0,455.0
2010,Duke,ACC,845,498.99999999999994,326.0
2010,East Carolina,American Athletic,915,587.0,312.0
2010,Eastern Michigan,Mid-American,694,274.0,415.00000000000006
2010,Florida,SEC,843,393.0,442.0
2010,Florida Atlantic,Conference USA,576,286.0,281.0
2010,Florida International,Conference USA,645,288.0,348.00000000000006
2010,Florida State,ACC,858,400.0,436.0
2010,Fresno State,Mountain West,730,328.0,383.0
2010,Georgia,SEC,774,352.0,402.0
2010,Georgia Southern,Sun Belt,46,11.0,35.0
2010,Georgia State,Sun Belt,48,19.0,29.0
2010,Georgia Tech,ACC,873,173.0,685.0
2010,Hawai'i,Mountain West,786,558.0,212.00000000000003
2010,Houston,American Athletic,798,426.0,358.0
2010,Illinois,Big Ten,865,284.0,557.0
2010,Indiana,Big Ten,827,494.99999999999994,313.0
2010,Iowa,Big Ten,764,347.0,403.0
2010,Iowa State,Big 12,786,380.0,398.0
2010,Kansas,Big 12,789,370.0,411.0
2010,Kansas State,Big 12,777,303.0,465.99999999999994
2010,Kent State,Mid-American,649,352.0,288.0
2010,Kentucky,SEC,855,441.00000000000006,403.0
2010,Liberty,FBS Independents,62,37.0,25.0
2010,Louisiana,Sun Belt,803,444.0,351.0
2010,Louisiana Monroe,Sun Belt,765,368.0,390.0
2010,Louisiana Tech,Conference USA,847,415.0,418.0
2010,Louisville,ACC,794,351.0,429.00000000000006
2010,LSU,SEC,816,308.0,481.0
2010,Marshall,Conference USA,729,406.0,317.0
2010,Maryland,Big Ten,766,377.0,375.0
2010,Memphis,American Athletic,593,300.0,280.0
2010,Miami,ACC,898,433.0,452.00000000000006
2010,Miami (OH),Mid-American,895,507.0,372.0
2010,Michigan,Big Ten,871,369.0,499.0
2010,Michigan State,Big Ten,770,367.0,389.0
2010,Middle Tennessee,Conference USA,793,354.0,430.0
2010,Minnesota,Big Ten,786,367.0,407.0
2010,Mississippi State,SEC,848,284.0,551.0
2010,Missouri,SEC,825,452.0,359.0
2010,Navy,American Athletic,785,152.0,625.0
2010,NC State,ACC,964,550.0,393.0
2010,Nebraska,Big Ten,873,292.0,563.0
2010,Nevada,Mountain West,960,363.0,585.0
2010,New Mexico,Mountain West,788,372.0,408.0
2010,New Mexico State,FBS Independents,670,311.0,343.0
2010,North Carolina,ACC,823,429.99999999999994,372.0
2010,Northern Illinois,Mid-American,846,312.0,514.0
2010,North Texas,Conference USA,582,248.0,324.0
2010,Northwestern,Big Ten,750,337.0,399.0
2010,Notre Dame,FBS Independents,868,468.0,380.0
2010,Ohio,Mid-American,675,258.0,405.0
2010,Ohio State,Big Ten,839,332.0,485.0
2010,Oklahoma,Big 12,1136,598.0,514.0
2010,Oklahoma State,Big 12,923,494.99999999999994,401.0
2010,Ole Miss,SEC,783,323.0,444.0
2010,Oregon,Pac-12,929,363.0,551.0
2010,Oregon State,Pac-12,732,389.0,334.0
2010,Penn State,Big Ten,843,409.0,414.0
2010,Pittsburgh,ACC,797,361.0,418.99999999999994
2010,Purdue,Big Ten,771,354.0,403.0
2010,Rice,Conference USA,806,360.0,436.0
2010,Rutgers,Big Ten,741,365.0,363.0
2010,San Diego State,Mountain West,788,394.0,379.0
2010,San José State,Mountain West,763,441.0,307.0
2010,SMU,American Athletic,866,514.0,345.0
2010,South Carolina,SEC,847,383.0,446.00000000000006
2010,Southern Mississippi,Conference USA,882,412.0,441.99999999999994
2010,South Florida,American Athletic,803,349.0,436.99999999999994
2010,Stanford,Pac-12,842,346.0,478.0
2010,Syracuse,ACC,745,356.0,371.0
2010,TCU,Big 12,853,303.0,539.0
2010,Temple,American Athletic,701,307.0,381.00000000000006
2010,Tennessee,SEC,788,430.99999999999994,344.0
2010,Texas,Big 12,843,433.0,389.0
2010,Texas A&M,SEC,981,509.0,454.0
2010,Texas State,Sun Belt,84,33.0,50.99999999999999
2010,Texas Tech,Big 12,992,591.0,391.0
2010,Toledo,Mid-American,802,356.0,441.0
2010,Troy,Sun Belt,785,423.0,348.0
2010,Tulane,American Athletic,852,455.99999999999994,382.0
2010,Tulsa,American Athletic,871,435.0,422.0
2010,UAB,Conference USA,787,430.0,351.0
2010,UCF,American Athletic,778,265.0,502.00000000000006
2010,UCLA,Pac-12,770,332.0,425.0
2010,UMass,FBS Independents,73,28.0,44.0
2010,UNLV,Mountain West,775,362.0,405.0
2010,USC,Pac-12,875,435.0,430.0
2010,Utah,Pac-12,772,380.0,379.0
2010,Utah State,Mountain West,810,334.0,465.0
2010,UTEP,Conference USA,747,394.0,341.0
2010,Vanderbilt,SEC,765,382.0,372.0
2010,Virginia,ACC,818,438.0,369.0
2010,Virginia Tech,ACC,860,350.0,490.0
2010,Wake Forest,ACC,724,318.0,394.0
2010,Washington,Pac-12,811,374.0,423.00000000000006
2010,Washington State,Pac-12,783,416.0,360.0
2010,Western Kentucky,Conference USA,624,246.0,371.0
2010,Western Michigan,Mid-American,818,478.0,330.0
2010,West Virginia,Big 12,913,412.0,490.99999999999994
2010,Wisconsin,Big Ten,790,262.0,512.0
2010,Wyoming,Mountain West,663,305.0,349.0
2011,Air Force,Mountain West,862,193.0,655.0
2011,Akron,Mid-American,710,358.0,341.0
2011,Alabama,SEC,769,325.0,423.99999999999994
2011,Appalachian State,Sun Belt,60,26.0,34.0
2011,Arizona,Pac-12,850,555.0,284.0
2011,Arizona State,Pac-12,906,524.0,367.0
2011,Arkansas,SEC,833,463.00000000000006,348.0
2011,Arkansas State,Sun Belt,975,502.99999999999994,450.0
2011,Army,FBS Independents,775,100.99999999999999,671.0
2011,Auburn,SEC,786,303.0,471.00000000000006
2011,Ball State,Mid-American,816,438.0,363.0
2011,Baylor,Big 12,891,392.0,489.00000000000006
2011,Boise State,Mountain West,883,428.0,449.0
2011,Boston College,ACC,732,328.0,394.00000000000006
2011,Bowling Green,Mid-American,760,413.0,339.0
2011,Buffalo,Mid-American,828,427.99999999999994,389.0
2011,BYU,FBS Independents,895,440.0,440.0
2011,California,Pac-12,886,444.0,422.0
2011,Central Michigan,Mid-American,751,441.00000000000006,296.0
2011,Cincinnati,American Athletic,851,391.0,444.0
2011,Clemson,ACC,1008,519.0,467.0
2011,Coastal Carolina,Sun Belt,52,26.0,26.0
2011,Colorado,Pac-12,824,455.0,356.0
2011,Colorado State,Mountain West,775,367.0,396.99999999999994
2011,Connecticut,American Athletic,806,380.0,403.99999999999994
2011,Duke,ACC,815,488.0,318.0
2011,East Carolina,American Athletic,863,513.0,339.0
2011,Eastern Michigan,Mid-American,747,204.0,528.0
2011,Florida,SEC,767,322.0,420.0
2011,Florida Atlantic,Conference USA,715,374.0,334.0
2011,Florida International,Conference USA,837,388.0,427.0
2011,Florida State,ACC,781,390.0,369.0
2011,Fresno State,Mountain West,832,433.0,389.0
2011,Georgia,SEC,957,424.0,511.0
2011,Georgia Southern,Sun Belt,43,6.0,36.0
2011,Georgia State,Sun Belt,63,29.0,34.0
2011,Georgia Tech,ACC,821,168.0,642.0
2011,Hawai'i,Mountain West,790,560.0,221.0
2011,Houston,American Athletic,1002,631.0,358.0
2011,Illinois,Big Ten,868,374.0,485.0
2011,Indiana,Big Ten,836,391.0,432.99999999999994
2011,Iowa,Big Ten,820,408.0,398.0
2011,Iowa State,Big 12,971,479.0,481.0
2011,Kansas,Big 12,790,314.0,468.00000000000006
2011,Kansas State,Big 12,849,316.0,516.0
2011,Kent State,Mid-American,755,360.0,380.99999999999994
2011,Kentucky,SEC,721,338.0,371.0
2011,Liberty,FBS Independents,75,45.0,28.0
2011,Louisiana,Sun Belt,851,429.0,403.0
2011,Louisiana Monroe,Sun Belt,888,480.0,402.0
2011,Louisiana Tech,Conference USA,861,433.99999999999994,412.0
2011,Louisville,ACC,809,396.0,401.0
2011,LSU,SEC,803,267.0,519.0
2011,Marshall,Conference USA,749,371.0,365.0
2011,Maryland,Big Ten,821,426.99999999999994,382.0
2011,Memphis,American Athletic,580,328.0,246.0
2011,Miami,ACC,704,338.0,355.0
2011,Miami (OH),Mid-American,790,476.0,312.0
2011,Michigan,Big Ten,785,272.0,501.0
2011,Michigan State,Big Ten,898,435.0,445.0
2011,Middle Tennessee,Conference USA,810,440.0,361.0
2011,Minnesota,Big Ten,664,262.0,392.0
2011,Mississippi State,SEC,817,346.0,458.99999999999994
2011,Missouri,SEC,908,369.0,523.0
2011,Navy,American Athletic,774,137.0,626.0
2011,NC State,ACC,865,455.99999999999994,398.0
2011,Nebraska,Big Ten,860,296.0,545.0
2011,Nevada,Mountain West,973,398.0,561.0
2011,New Mexico,Mountain West,733,372.0,355.0
2011,New Mexico State,FBS Independents,779,424.00000000000006,347.0
2011,North Carolina,ACC,758,366.0,385.0
2011,Northern Illinois,Mid-American,936,383.0,532.0
2011,North Texas,Conference USA,789,347.0,434.0
2011,Northwestern,Big Ten,815,366.0,443.0
2011,Notre Dame,FBS Independents,851,458.0,383.0
2011,Ohio,Mid-American,978,410.0,544.0
2011,Ohio State,Big Ten,765,268.0,480.0
2011,Oklahoma,Big 12,995,555.0,415.0
2011,Oklahoma State,Big 12,914,553.0,338.0
2011,Ole Miss,SEC,741,327.0,404.0
2011,Oregon,Pac-12,915,345.0,561.0
2011,Oregon State,Pac-12,790,509.0,269.0
2011,Penn State,Big Ten,872,379.0,477.0
2011,Pittsburgh,ACC,916,472.0,424.0
2011,Purdue,Big Ten,893,393.0,480.99999999999994
2011,Rice,Conference USA,788,371.0,399.00000000000006
2011,Rutgers,Big Ten,906,478.0,409.0
2011,San Diego State,Mountain West,870,428.0,435.0
2011,San José State,Mountain West,814,469.0,323.0
2011,SMU,American Athletic,675,417.0,250.0
2011,South Alabama,Sun Belt,122,72.0,48.0
2011,South Carolina,SEC,815,327.0,480.00000000000006
2011,Southern Mississippi,Conference USA,981,467.0,489.0
2011,South Florida,American Athletic,873,433.0,421.0
2011,Stanford,Pac-12,859,380.0,462.0
2011,Syracuse,ACC,786,417.00000000000006,354.0
2011,TCU,Big 12,816,331.0,470.99999999999994
2011,Temple,American Athletic,722,185.0,523.0
2011,Tennessee,SEC,645,348.00000000000006,289.0
2011,Texas,Big 12,896,364.0,514.0
2011,Texas A&M,SEC,991,505.00000000000006,458.0
2011,Texas State,Sun Belt,126,48.0,75.0
2011,Texas Tech,Big 12,928,573.0,340.0
2011,Toledo,Mid-American,900,387.0,496.99999999999994
2011,Troy,Sun Belt,748,476.0,266.0
2011,Tulane,American Athletic,852,461.0,381.0
2011,Tulsa,American Athletic,813,369.0,428.99999999999994
2011,UAB,Conference USA,734,394.00000000000006,326.0
2011,UCF,American Athletic,769,351.0,403.99999999999994
2011,UCLA,Pac-12,855,350.0,495.0
2011,UMass,FBS Independents,67,38.0,28.0
2011,UNLV,Mountain West,667,257.0,403.0
2011,USC,Pac-12,789,413.0,361.0
2011,Utah,Pac-12,775,341.0,416.0
2011,Utah State,Mountain West,835,274.0,555.0
2011,UTEP,Conference USA,731,384.0,333.0
2011,Vanderbilt,SEC,767,348.0,411.0
2011,Virginia,ACC,910,434.0,459.0
2011,Virginia Tech,ACC,939,395.0,528.0
2011,Wake Forest,ACC,875,456.0,401.0
2011,Washington,Pac-12,806,399.0,395.0
2011,Washington State,Pac-12,835,484.0,336.0
2011,Western Kentucky,Conference USA,800,310.0,484.99999999999994
2011,Western Michigan,Mid-American,885,522.0,348.0
2011,West Virginia,Big 12,903,527.0,359.0
2011,Wisconsin,Big Ten,846,316.0,521.0
2011,Wyoming,Mountain West,841,396.0,438.00000000000006
2012,Air Force,Mountain West,905,150.0,751.0
2012,Akron,Mid-American,752,473.00000000000006,270.0
2012,Alabama,SEC,824,308.0,501.0
2012,Appalachian State,Sun Belt,68,37.0,29.0
2012,Arizona,Pac-12,1009,520.0,475.0
2012,Arizona State,Pac-12,963,415.0,533.0
2012,Arkansas,SEC,793,452.0,328.0
2012,Arkansas State,Sun Belt,890,394.0,479.00000000000006
2012,Army,FBS Independents,877,119.0,745.0
2012,Auburn,SEC,671,283.0,376.0
2012,Ball State,Mid-American,975,465.0,484.0
2012,Baylor,Big 12,968,435.0,517.0
2012,Boise State,Mountain West,818,374.0,429.0
2012,Boston College,ACC,791,482.99999999999994,290.0
2012,Bowling Green,Mid-American,849,431.99999999999994,407.0
2012,Buffalo,Mid-American,773,360.0,402.00000000000006
2012,BYU,FBS Independents,933,491.0,433.0
2012,California,Pac-12,788,383.0,389.0
2012,Central Michigan,Mid-American,722,364.99999999999994,344.0
2012,Cincinnati,American Athletic,815,355.0,443.99999999999994
2012,Clemson,ACC,988,454.0,515.0
2012,Coastal Carolina,Sun Belt,77,50.0,27.0
2012,Colorado,Pac-12,794,434.0,355.0
2012,Colorado State,Mountain West,663,324.0,330.0
2012,Connecticut,American Athletic,792,403.99999999999994,373.0
2012,Duke,ACC,944,531.0,393.0
2012,East Carolina,American Athletic,827,450.0,363.0
2012,Eastern Michigan,Mid-American,720,310.0,400.0
2012,Florida,SEC,799,312.0,463.0
2012,Florida Atlantic,Conference USA,789,418.0,363.0
2012,Florida International,Conference USA,822,393.0,418.00000000000006
2012,Florida State,ACC,881,424.0,432.0
2012,Fresno State,Mountain West,938,518.0,407.0
2012,Georgia,SEC,842,378.0,456.0
2012,Georgia Southern,Sun Belt,60,4.0,56.0
2012,Georgia State,Sun Belt,127,66.0,59.0
2012,Georgia Tech,ACC,938,190.0,736.0
2012,Hawai'i,Mountain West,816,422.00000000000006,381.0
2012,Houston,American Athletic,941,570.0,351.0
2012,Illinois,Big Ten,766,374.0,383.0
2012,Indiana,Big Ten,885,519.0,351.0
2012,Iowa,Big Ten,769,398.0,354.0
2012,Iowa State,Big 12,878,440.00000000000006,425.0
2012,Kansas,Big 12,828,323.0,495.0
2012,Kansas State,Big 12,773,306.0,447.99999999999994
2012,Kent State,Mid-American,885,354.0,510.99999999999994
2012,Kentucky,SEC,756,392.0,356.0
2012,Louisiana,Sun Belt,762,352.0,395.00000000000006
2012,Louisiana Monroe,Sun Belt,853,497.0,351.0
2012,Louisiana Tech,Conference USA,953,486.99999999999994,455.0
2012,Louisville,ACC,873,453.00000000000006,402.0
2012,LSU,SEC,848,370.0,456.99999999999994
2012,Marshall,Conference USA,1011,590.0,409.0
2012,Maryland,Big Ten,748,326.0,411.0
2012,Memphis,American Athletic,738,289.0,443.0
2012,Miami,ACC,784,435.0,329.0
2012,Miami (OH),Mid-American,793,496.0,281.0
2012,Michigan,Big Ten,775,312.0,445.99999999999994
2012,Michigan State,Big Ten,934,462.0,449.0
2012,Middle Tennessee,Conference USA,772,325.0,429.0
2012,Minnesota,Big Ten,816,329.0,474.00000000000006
2012,Mississippi State,SEC,798,404.0,380.0
2012,Missouri,SEC,840,424.0,401.0
2012,Navy,American Athletic,821,179.0,632.0
2012,NC State,ACC,985,564.0,406.0
2012,Nebraska,Big Ten,978,380.0,576.0
2012,Nevada,Mountain West,1000,394.0,595.0
2012,New Mexico,Mountain West,737,148.0,580.0
2012,New Mexico State,FBS Independents,673,372.0,298.0
2012,North Carolina,ACC,844,419.0,409.0
2012,Northern Illinois,Mid-American,824,341.0,472.0
2012,North Texas,Conference USA,815,360.0,443.99999999999994
2012,Northwestern,Big Ten,912,358.0,536.0
2012,Notre Dame,FBS Independents,867,388.0,455.0
2012,Ohio,Mid-American,792,341.0,433.0
2012,Ohio State,Big Ten,774,282.0,483.0
2012,Oklahoma,Big 12,940,543.0,381.0
2012,Oklahoma State,Big 12,949,463.0,458.0
2012,Ole Miss,SEC,833,387.0,430.00000000000006
2012,Oregon,Pac-12,963,354.0,602.0
2012,Oregon State,Pac-12,886,500.00000000000006,371.0
2012,Penn State,Big Ten,890,447.0,428.0
2012,Pittsburgh,ACC,847,405.0,422.0
2012,Purdue,Big Ten,895,464.0,423.0
2012,Rice,Conference USA,956,397.0,536.0
2012,Rutgers,Big Ten,795,374.0,410.0
2012,San Diego State,Mountain West,832,318.0,505.99999999999994
2012,San José State,Mountain West,856,449.0,389.0
2012,SMU,American Athletic,788,475.0,299.0
2012,South Alabama,Sun Belt,861,435.99999999999994,406.0
2012,South Carolina,SEC,798,367.0,421.00000000000006
2012,Southern Mississippi,Conference USA,689,293.0,385.00000000000006
2012,South Florida,American Athletic,809,411.0,380.0
2012,Stanford,Pac-12,906,391.0,498.00000000000006
2012,Syracuse,ACC,969,452.0,502.0
2012,TCU,Big 12,866,392.0,453.0
2012,Temple,American Athletic,662,230.0,417.0
2012,Tennessee,SEC,838,443.00000000000006,380.0
2012,Texas,Big 12,824,379.0,434.0
2012,Texas A&M,SEC,934,468.0,453.0
2012,Texas State,Sun Belt,671,348.0,312.0
2012,Texas Tech,Big 12,937,560.0,359.0
2012,Toledo,Mid-American,921,440.0,457.0
2012,Troy,Sun Belt,922,497.99999999999994,408.0
2012,Tulane,American Athletic,615,416.0,182.0
2012,Tulsa,American Athletic,1087,458.0,617.0
2012,UAB,Conference USA,843,489.0,338.0
2012,UCF,American Athletic,868,399.0,458.99999999999994
2012,UCLA,Pac-12,1019,507.0,496.0
2012,UMass,FBS Independents,606,328.0,275.0
2012,UNLV,Mountain West,878,463.0,402.0
2012,USC,Pac-12,800,436.00000000000006,354.0
2012,Utah,Pac-12,757,347.0,402.0
2012,Utah State,Mountain West,764,376.0,375.0
2012,UTEP,Conference USA,703,334.0,361.0
2012,UT San Antonio,Conference USA,695,326.0,358.0
2012,Vanderbilt,SEC,836,347.0,468.99999999999994
2012,Virginia,ACC,852,467.0,373.0
2012,Virginia Tech,ACC,909,436.0,454.0
2012,Wake Forest,ACC,727,405.99999999999994,316.0
2012,Washington,Pac-12,861,449.00000000000006,403.0
2012,Washington State,Pac-12,843,647.0,181.0
2012,Western Kentucky,Conference USA,782,321.0,451.0
2012,Western Michigan,Mid-American,802,451.0,339.0
2012,West Virginia,Big 12,910,490.0,408.0
2012,Wisconsin,Big Ten,869,304.0,556.0
2012,Wyoming,Mountain West,801,401.0,393.0
2013,Air Force,Mountain West,772,168.0,594.0
2013,Akron,Mid-American,779,395.0,375.0
2013,Alabama,SEC,751,331.0,407.0
2013,Appalachian State,Sun Belt,69,38.0,29.0
2013,Arizona,Pac-12,960,363.0,584.0
2013,Arizona State,Pac-12,1004,459.0,519.0
2013,Arkansas,SEC,732,278.0,440.99999999999994
2013,Arkansas State,Sun Belt,868,346.0,507.00000000000006
2013,Army,FBS Independents,780,150.0,622.0
2013,Auburn,SEC,918,260.0,643.0
2013,Ball State,Mid-American,887,470.00000000000006,398.0
2013,Baylor,Big 12,961,404.0,542.0
2013,Boise State,Mountain West,941,427.0,497.0
2013,Boston College,ACC,742,250.0,472.0
2013,Bowling Green,Mid-American,875,366.0,492.0
2013,Buffalo,Mid-American,894,398.0,483.00000000000006
2013,BYU,FBS Independents,1039,425.0,591.0
2013,California,Pac-12,980,587.0,375.0
2013,Central Michigan,Mid-American,670,322.0,336.0
2013,Cincinnati,American Athletic,896,435.0,452.99999999999994
2013,Clemson,ACC,933,442.0,476.00000000000006
2013,Coastal Carolina,Sun Belt,60,34.0,25.0
2013,Colorado,Pac-12,790,383.0,388.0
2013,Colorado State,Mountain West,976,451.0,504.0
2013,Connecticut,American Athletic,751,415.0,325.0
2013,Duke,ACC,944,442.0,489.0
2013,East Carolina,American Athletic,897,500.99999999999994,381.0
2013,Eastern Michigan,Mid-American,685,309.0,370.0
2013,Florida,SEC,732,290.0,430.0
2013,Florida Atlantic,Conference USA,789,336.0,442.00000000000006
2013,Florida International,Conference USA,666,280.0,375.0
2013,Florida State,ACC,844,398.0,426.00000000000006
2013,Fresno State,Mountain West,989,611.0,367.0
2013,Georgia,SEC,867,417.0,426.0
2013,Georgia Southern,Sun Belt,51,3.0,48.0
2013,Georgia State,Sun Belt,733,410.00000000000006,317.0
2013,Georgia Tech,ACC,821,185.0,625.0
2013,Hawai'i,Mountain West,847,481.0,359.0
2013,Houston,American Athletic,870,480.0,373.0
2013,Illinois,Big Ten,793,426.00000000000006,354.0
2013,Indiana,Big Ten,836,422.0,405.0
2013,Iowa,Big Ten,867,343.0,508.0
2013,Iowa State,Big 12,826,391.0,421.0
2013,Kansas,Big 12,771,316.0,442.99999999999994
2013,Kansas State,Big 12,741,281.0,446.0
2013,Kent State,Mid-American,741,344.0,387.00000000000006
2013,Kentucky,SEC,705,324.0,369.0
2013,Liberty,FBS Independents,110,54.0,54.0
2013,Louisiana,Sun Belt,796,295.0,492.0
2013,Louisiana Monroe,Sun Belt,787,443.99999999999994,338.0
2013,Louisiana Tech,Conference USA,801,430.0,354.0
2013,Louisville,ACC,814,394.0,399.0
2013,LSU,SEC,758,295.0,450.00000000000006
2013,Marshall,Conference USA,973,468.0,494.0
2013,Maryland,Big Ten,834,388.0,425.00000000000006
2013,Memphis,American Athletic,750,346.0,389.00000000000006
2013,Miami,ACC,746,352.0,381.0
2013,Miami (OH),Mid-American,674,276.0,391.0
2013,Michigan,Big Ten,815,371.0,426.0
2013,Michigan State,Big Ten,938,403.0,516.0
2013,Middle Tennessee,Conference USA,856,377.0,466.0
2013,Minnesota,Big Ten,788,254.00000000000003,519.0
2013,Mississippi State,SEC,878,402.0,464.0
2013,Missouri,SEC,956,424.0,514.0
2013,Navy,American Athletic,822,135.0,675.0
2013,NC State,ACC,883,405.0,458.99999999999994
2013,Nebraska,Big Ten,887,350.0,523.0
2013,Nevada,Mountain West,904,388.0,501.0
2013,New Mexico,Mountain West,707,168.0,531.0
2013,New Mexico State,FBS Independents,782,382.0,390.0
2013,North Carolina,ACC,879,421.0,445.0
2013,Northern Illinois,Mid-American,992,383.0,590.0
2013,North Texas,Conference USA,877,370.0,495.0
2013,Northwestern,Big Ten,819,356.0,440.0
2013,Notre Dame,FBS Independents,829,398.0,411.0
2013,Ohio,Mid-American,831,400.0,412.0
2013,Ohio State,Big Ten,888,321.0,558.0
2013,Oklahoma,Big 12,888,353.0,510.99999999999994
2013,Oklahoma State,Big 12,906,450.0,445.0
2013,Old Dominion,Conference USA,818,469.0,336.0
2013,Ole Miss,SEC,942,455.0,470.0
2013,Oregon,Pac-12,867,365.0,494.00000000000006
2013,Oregon State,Pac-12,901,577.0,310.0
2013,Penn State,Big Ten,846,382.0,448.0
2013,Pittsburgh,ACC,761,370.0,378.0
2013,Purdue,Big Ten,682,406.0,269.0
2013,Rice,Conference USA,948,320.0,613.0
2013,Rutgers,Big Ten,821,415.99999999999994,392.0
2013,San Diego State,Mountain West,890,441.0,441.0
2013,San José State,Mountain West,866,457.00000000000006,387.0
2013,SMU,American Athletic,857,578.0,263.0
2013,South Alabama,Sun Belt,830,371.0,438.0
2013,South Carolina,SEC,835,346.0,475.00000000000006
2013,Southern Mississippi,Conference USA,755,454.0,289.0
2013,South Florida,American Athletic,678,343.0,316.0
2013,Stanford,Pac-12,830,283.0,527.0
2013,Syracuse,ACC,889,379.0,499.00000000000006
2013,TCU,Big 12,753,395.0,345.0
2013,Temple,American Athletic,761,392.00000000000006,365.0
2013,Tennessee,SEC,754,327.0,413.0
2013,Texas,Big 12,948,405.0,522.0
2013,Texas A&M,SEC,847,435.00000000000006,402.0
2013,Texas State,Sun Belt,689,276.0,403.99999999999994
2013,Texas Tech,Big 12,1043,664.0,356.0
2013,Toledo,Mid-American,808,344.0,445.00000000000006
2013,Troy,Sun Belt,836,447.0,378.0
2013,Tulane,American Athletic,773,366.0,394.0
2013,Tulsa,American Athletic,871,410.0,444.99999999999994
2013,UAB,Conference USA,753,336.0,402.0
2013,UCF,American Athletic,800,368.0,412.0
2013,UCLA,Pac-12,856,356.0,484.99999999999994
2013,UMass,FBS Independents,751,323.0,417.00000000000006
2013,UNLV,Mountain West,888,441.0,437.0
2013,USC,Pac-12,847,366.0,465.0
2013,Utah,Pac-12,804,362.0,424.99999999999994
2013,Utah State,Mountain West,986,436.0,532.0
2013,UTEP,Conference USA,754,271.0,474.00000000000006
2013,UT San Antonio,Conference USA,768,388.0,369.0
2013,Vanderbilt,SEC,796,355.0,426.00000000000006
2013,Virginia,ACC,936,483.00000000000006,438.0
2013,Virginia Tech,ACC,870,417.0,438.0
2013,Wake Forest,ACC,743,395.0,339.0
2013,Washington,Pac-12,927,382.0,530.0
2013,Washington State,Pac-12,928,714.0,197.0
2013,Western Kentucky,Conference USA,797,382.0,403.0
2013,Western Michigan,Mid-American,782,421.0,346.0
2013,West Virginia,Big 12,830,436.0,377.0
2013,Wisconsin,Big Ten,835,326.0,495.0
2013,Wyoming,Mountain West,839,439.00000000000006,397.0
2014,Air Force,Mountain West,977,210.0,748.0
2014,Akron,Mid-American,878,537.0,328.0
2014,Alabama,SEC,1002,454.0,534.0
2014,Appalachian State,Sun Belt,852,344.0,498.99999999999994
2014,Arizona,Pac-12,1141,593.9999999999999,526.0
2014,Arizona State,Pac-12,874,425.0,429.0
2014,Arkansas,SEC,893,363.0,521.0
2014,Arkansas State,Sun Belt,1007,469.0,527.0
2014,Army,FBS Independents,747,120.0,620.0
2014,Auburn,SEC,926,337.0,570.0
2014,Ball State,Mid-American,860,412.0,424.0
2014,Baylor,Big 12,1116,523.0,575.0
2014,Boise State,Mountain West,1044,458.0,569.0
2014,Boston College,ACC,870,254.0,604.0
2014,Bowling Green,Mid-American,1085,559.0,503.0
2014,Buffalo,Mid-American,799,376.0,417.00000000000006
2014,BYU,FBS Independents,1030,507.0,511.0
2014,California,Pac-12,959,546.0,403.0
2014,Central Michigan,Mid-American,864,389.0,466.0
2014,Cincinnati,American Athletic,851,462.00000000000006,375.0
2014,Clemson,ACC,988,467.0,500.0
2014,Colorado,Pac-12,989,551.0,422.0
2014,Colorado State,Mountain West,809,431.00000000000006,366.0
2014,Connecticut,American Athletic,665,334.0,320.0
2014,Duke,ACC,939,452.0,468.0
2014,East Carolina,American Athletic,1043,647.0,382.0
2014,Eastern Michigan,Mid-American,673,315.0,351.0
2014,Florida,SEC,838,330.0,488.0
2014,Florida Atlantic,Conference USA,588,268.0,309.0
2014,Florida International,Conference USA,672,277.0,383.0
2014,Florida State,ACC,962,522.0,413.0
2014,Fresno State,Mountain West,1080,559.0,511.0
2014,Georgia,SEC,868,331.0,521.0
2014,Georgia Southern,Sun Belt,775,156.0,609.0
2014,Georgia State,Sun Belt,737,424.00000000000006,307.0
2014,Georgia Tech,ACC,966,207.0,748.0
2014,Hawai'i,Mountain West,825,414.0,398.0
2014,Houston,American Athletic,930,466.0,448.0
2014,Illinois,Big Ten,863,486.0,367.0
2014,Indiana,Big Ten,745,286.0,447.99999999999994
2014,Iowa,Big Ten,931,449.0,470.0
2014,Iowa State,Big 12,899,527.0,362.0
2014,Kansas,Big 12,833,390.0,434.00000000000006
2014,Kansas State,Big 12,891,439.0,430.0
2014,Kent State,Mid-American,717,452.0,254.0
2014,Kentucky,SEC,850,428.0,400.0
2014,Liberty,FBS Independents,146,70.0,74.0
2014,Louisiana,Sun Belt,908,386.0,503.0
2014,Louisiana Monroe,Sun Belt,883,558.0,305.0
2014,Louisiana Tech,Conference USA,871,434.0,422.0
2014,Louisville,ACC,933,459.0,460.0
2014,LSU,SEC,865,288.0,565.0
2014,Marshall,Conference USA,954,458.0,480.0
2014,Maryland,Big Ten,771,408.0,348.0
2014,Memphis,American Athletic,1011,424.0,567.0
2014,Miami,ACC,824,401.0,406.0
2014,Miami (OH),Mid-American,815,503.0,302.0
2014,Michigan,Big Ten,740,344.0,381.99999999999994
2014,Michigan State,Big Ten,981,399.0,568.0
2014,Middle Tennessee,Conference USA,788,328.0,450.0
2014,Minnesota,Big Ten,841,269.0,559.0
2014,Mississippi State,SEC,975,434.0,528.0
2014,Missouri,SEC,950,427.0,507.0
2014,Navy,American Athletic,834,148.0,676.0
2014,NC State,ACC,864,391.0,460.99999999999994
2014,Nebraska,Big Ten,930,372.0,543.0
2014,Nevada,Mountain West,862,385.0,464.0
2014,New Mexico,Mountain West,715,155.0,555.0
2014,New Mexico State,FBS Independents,812,408.00000000000006,399.0
2014,North Carolina,ACC,985,524.0,452.0
2014,Northern Illinois,Mid-American,1059,385.0,655.0
2014,North Texas,Conference USA,725,330.0,381.0
2014,Northwestern,Big Ten,916,459.0,443.0
2014,Notre Dame,FBS Independents,929,478.0,437.0
2014,Ohio,Mid-American,837,388.0,432.0
2014,Ohio State,Big Ten,1075,421.0,641.0
2014,Oklahoma,Big 12,931,385.0,533.0
2014,Oklahoma State,Big 12,907,432.0,454.0
2014,Old Dominion,Conference USA,729,428.0,296.0
2014,Ole Miss,SEC,820,412.0,398.0
2014,Oregon,Pac-12,1117,499.0,600.0000000000001
2014,Oregon State,Pac-12,854,496.0,340.0
2014,Penn State,Big Ten,942,525.0,393.0
2014,Pittsburgh,ACC,757,284.0,459.0
2014,Purdue,Big Ten,822,444.99999999999994,361.0
2014,Rice,Conference USA,906,363.0,530.0
2014,Rutgers,Big Ten,842,369.0,457.0
2014,San Diego State,Mountain West,864,365.0,479.0
2014,San José State,Mountain West,802,407.99999999999994,384.0
2014,SMU,American Athletic,778,466.0,304.0
2014,South Alabama,Sun Belt,868,402.0,448.99999999999994
2014,South Carolina,SEC,938,484.0,437.0
2014,Southern Mississippi,Conference USA,760,454.0,288.0
2014,South Florida,American Athletic,736,376.00000000000006,345.0
2014,Stanford,Pac-12,817,371.0,432.0
2014,Syracuse,ACC,809,399.0,391.0
2014,TCU,Big 12,1031,535.0,474.0
2014,Temple,American Athletic,771,415.0,341.0
2014,Tennessee,SEC,962,480.0,464.0
2014,Texas,Big 12,873,427.0,431.0
2014,Texas A&M,SEC,924,529.0,383.0
2014,Texas State,Sun Belt,910,393.0,504.0
2014,Texas Tech,Big 12,891,548.0,332.0
2014,Toledo,Mid-American,893,372.0,506.00000000000006
2014,Troy,Sun Belt,794,365.0,419.0
2014,Tulane,American Athletic,839,454.0,376.0
2014,Tulsa,American Athletic,952,500.0,439.0
2014,UAB,Conference USA,833,315.0,507.00000000000006
2014,UCF,American Athletic,934,432.0,481.0
2014,UCLA,Pac-12,925,439.0,470.0
2014,UMass,FBS Independents,864,507.0,350.0
2014,UNLV,Mountain West,945,521.0,408.0
2014,USC,Pac-12,970,486.0,474.0
2014,Utah,Pac-12,938,399.0,516.0
2014,Utah State,Mountain West,886,406.0,467.00000000000006
2014,UTEP,Conference USA,842,294.0,533.0
2014,UT San Antonio,Conference USA,787,379.0,391.0
2014,Vanderbilt,SEC,750,382.0,359.0
2014,Virginia,ACC,885,438.0,424.0
2014,Virginia Tech,ACC,947,472.0,457.0
2014,Wake Forest,ACC,766,423.00000000000006,328.0
2014,Washington,Pac-12,923,391.0,512.0
2014,Washington State,Pac-12,1001,788.0,201.0
2014,Western Kentucky,Conference USA,970,559.0,395.0
2014,Western Michigan,Mid-American,796,338.0,444.99999999999994
2014,West Virginia,Big 12,1095,553.0,511.0
2014,Wisconsin,Big Ten,963,324.0,619.0
2014,Wyoming,Mountain West,813,406.0,393.0
2015,Air Force,Mountain West,966,170.0,783.0
2015,Akron,Mid-American,860,356.0,487.99999999999994
2015,Alabama,SEC,1076,458.0,593.0
2015,Appalachian State,Sun Belt,878,288.0,576.0
2015,Arizona,Pac-12,979,482.0,481.0
2015,Arizona State,Pac-12,1073,557.0,489.0
2015,Arkansas,SEC,869,371.0,489.0
2015,Arkansas State,Sun Belt,953,385.0,557.0
2015,Army,FBS Independents,705,119.0,579.0
2015,Auburn,SEC,907,328.0,556.0
2015,Ball State,Mid-American,884,458.00000000000006,410.0
2015,Baylor,Big 12,1083,396.0,679.0
2015,Boise State,Mountain West,1072,536.0,510.0
2015,Boston College,ACC,736,261.0,469.0
2015,Bowling Green,Mid-American,1075,592.0,475.0
2015,Buffalo,Mid-American,796,419.0,364.0
2015,BYU,FBS Independents,907,524.0,369.0
2015,California,Pac-12,978,562.0,398.0
2015,Central Michigan,Mid-American,841,480.0,347.0
2015,Charlotte,Conference USA,919,397.0,508.0
2015,Cincinnati,American Athletic,1045,555.0,468.0
2015,Clemson,ACC,1197,527.0,642.0
2015,Colorado,Pac-12,902,444.0,442.0
2015,Colorado State,Mountain West,905,396.0,493.0
2015,Connecticut,American Athletic,805,369.0,418.99999999999994
2015,Duke,ACC,1027,517.0,484.0
2015,East Carolina,American Athletic,872,486.00000000000006,375.0
2015,Eastern Michigan,Mid-American,815,413.99999999999994,389.0
2015,Florida,SEC,895,440.0,449.0
2015,Florida Atlantic,Conference USA,877,405.0,451.99999999999994
2015,Florida International,Conference USA,742,415.0,316.0
2015,Florida State,ACC,838,433.0,382.0
2015,Fresno State,Mountain West,812,418.0,385.0
2015,Georgia,SEC,809,331.0,460.0
2015,Georgia Southern,Sun Belt,834,137.0,682.0
2015,Georgia State,Sun Belt,890,509.99999999999994,368.0
2015,Georgia Tech,ACC,750,200.0,542.0
2015,Hawai'i,Mountain West,754,400.00000000000006,348.0
2015,Houston,American Athletic,1078,448.00000000000006,617.0
2015,Illinois,Big Ten,893,527.0,350.0
2015,Indiana,Big Ten,1043,451.0,568.0
2015,Iowa,Big Ten,926,388.0,522.0
2015,Iowa State,Big 12,893,442.0,437.0
2015,Kansas,Big 12,866,470.0,389.0
2015,Kansas State,Big 12,872,370.0,483.00000000000006
2015,Kent State,Mid-American,660,292.0,362.0
2015,Kentucky,SEC,822,423.0,382.0
2015,Liberty,FBS Independents,142,64.0,75.0
2015,Louisiana,Sun Belt,814,396.0,407.0
2015,Louisiana Monroe,Sun Belt,886,503.0,373.0
2015,Louisiana Tech,Conference USA,893,477.0,394.0
2015,Louisville,ACC,892,440.0,436.0
2015,LSU,SEC,780,290.0,477.00000000000006
2015,Marshall,Conference USA,951,480.0,453.0
2015,Maryland,Big Ten,825,405.0,409.0
2015,Memphis,American Athletic,1024,471.0,530.0
2015,Miami,ACC,877,453.0,396.0
2015,Miami (OH),Mid-American,790,394.0,386.0
2015,Michigan,Big Ten,912,428.0,464.99999999999994
2015,Michigan State,Big Ten,979,454.0,512.0
2015,Middle Tennessee,Conference USA,963,502.0,451.0
2015,Minnesota,Big Ten,867,438.0,413.0
2015,Mississippi State,SEC,909,519.0,376.0
2015,Missouri,SEC,766,391.00000000000006,359.0
2015,Navy,American Athletic,856,134.0,709.0
2015,NC State,ACC,925,434.0,485.99999999999994
2015,Nebraska,Big Ten,954,460.0,473.0
2015,Nevada,Mountain West,880,341.0,522.0
2015,New Mexico,Mountain West,853,237.00000000000003,608.0
2015,New Mexico State,FBS Independents,881,478.00000000000006,393.0
2015,North Carolina,ACC,925,415.0,490.0
2015,Northern Illinois,Mid-American,1018,417.0,587.0
2015,North Texas,Conference USA,815,416.00000000000006,390.0
2015,Northwestern,Big Ten,950,370.0,562.0
2015,Notre Dame,FBS Independents,861,402.0,444.0
2015,Ohio,Mid-American,940,424.0,501.0
2015,Ohio State,Big Ten,875,327.0,538.0
2015,Oklahoma,Big 12,1008,469.0,520.0
2015,Oklahoma State,Big 12,975,540.0,418.0
2015,Old Dominion,Conference USA,823,453.0,359.0
2015,Ole Miss,SEC,941,489.0,433.0
2015,Oregon,Pac-12,996,404.0,571.0
2015,Oregon State,Pac-12,786,357.0,419.0
2015,Penn State,Big Ten,836,437.0,381.0
2015,Pittsburgh,ACC,846,360.0,471.0
2015,Purdue,Big Ten,897,524.0,368.0
2015,Rice,Conference USA,830,373.0,448.0
2015,Rutgers,Big Ten,797,349.0,435.99999999999994
2015,San Diego State,Mountain West,919,258.0,644.0
2015,San José State,Mountain West,906,415.0,478.0
2015,SMU,American Athletic,832,393.0,431.0
2015,South Alabama,Sun Belt,820,378.0,428.0
2015,South Carolina,SEC,778,368.0,389.99999999999994
2015,Southern Mississippi,Conference USA,1020,544.0,462.0
2015,South Florida,American Athletic,887,311.0,561.0
2015,Stanford,Pac-12,918,332.0,568.0
2015,Syracuse,ACC,745,315.0,414.0
2015,TCU,Big 12,1075,525.0,529.0
2015,Temple,American Athletic,954,447.0,483.0
2015,Tennessee,SEC,988,385.0,582.0
2015,Texas,Big 12,772,277.0,482.0
2015,Texas A&M,SEC,983,508.0,453.0
2015,Texas State,Sun Belt,799,395.0,395.0
2015,Texas Tech,Big 12,1071,628.0,427.00000000000006
2015,Toledo,Mid-American,826,372.0,434.99999999999994
2015,Troy,Sun Belt,791,426.0,349.0
2015,Tulane,American Athletic,792,418.0,361.0
2015,Tulsa,American Athletic,1069,518.0,533.0
2015,UCF,American Athletic,774,433.99999999999994,326.0
2015,UCLA,Pac-12,970,513.0,436.0
2015,UMass,FBS Independents,881,513.0,356.0
2015,UNLV,Mountain West,851,382.0,456.99999999999994
2015,USC,Pac-12,987,493.0,481.0
2015,Utah,Pac-12,925,370.0,532.0
2015,Utah State,Mountain West,869,407.0,451.0
2015,UTEP,Conference USA,750,346.0,389.00000000000006
2015,UT San Antonio,Conference USA,851,395.0,445.00000000000006
2015,Vanderbilt,SEC,859,394.0,452.0
2015,Virginia,ACC,824,415.00000000000006,392.0
2015,Virginia Tech,ACC,942,414.0,505.0
2015,Wake Forest,ACC,826,447.0,369.0
2015,Washington,Pac-12,869,422.0,432.0
2015,Washington State,Pac-12,1021,757.0,244.0
2015,Western Kentucky,Conference USA,955,533.0,407.0
2015,Western Michigan,Mid-American,851,394.0,439.0
2015,West Virginia,Big 12,1044,451.0,572.0
2015,Wisconsin,Big Ten,929,426.0,485.0
2015,Wyoming,Mountain West,761,326.0,432.0
2016,Air Force,Mountain West,869,155.0,692.0
2016,Akron,Mid-American,766,410.99999999999994,344.0
2016,Alabama,SEC,1049,434.0,593.0
2016,Appalachian State,Sun Belt,824,307.0,503.0
2016,Arizona,Pac-12,666,267.0,391.0
2016,Arizona State,Pac-12,900,455.0,421.0
2016,Arkansas,SEC,911,434.0,464.0
2016,Arkansas State,Sun Belt,903,418.0,470.0
2016,Army,FBS Independents,838,122.0,710.0
2016,Auburn,SEC,939,302.0,609.0
2016,Ball State,Mid-American,934,440.0,479.0
2016,Baylor,Big 12,1077,485.0,581.9999999999999
2016,Boise State,Mountain West,882,413.0,459.0
2016,Boston College,ACC,855,317.0,526.0
2016,Bowling Green,Mid-American,859,424.0,425.0
2016,Buffalo,Mid-American,812,407.0,394.0
2016,BYU,FBS Independents,870,393.0,459.00000000000006
2016,California,Pac-12,1034,619.0,393.0
2016,Central Michigan,Mid-American,854,490.0,356.0
2016,Charlotte,Conference USA,797,392.0,397.0
2016,Cincinnati,American Athletic,837,465.0,358.0
2016,Clemson,ACC,1191,624.0,552.0
2016,Colorado,Pac-12,1035,468.0,550.0
2016,Colorado State,Mountain West,829,338.0,482.00000000000006
2016,Connecticut,American Athletic,786,405.0,368.0
2016,Duke,ACC,821,437.0,380.0
2016,East Carolina,American Athletic,952,567.0,365.0
2016,Eastern Michigan,Mid-American,985,520.0,446.0
2016,Florida,SEC,861,431.0,408.0
2016,Florida Atlantic,Conference USA,762,358.0,393.0
2016,Florida International,Conference USA,821,423.99999999999994,384.0
2016,Florida State,ACC,931,441.0,469.0
2016,Fresno State,Mountain West,839,426.00000000000006,398.0
2016,Georgia,SEC,912,402.0,493.00000000000006
2016,Georgia Southern,Sun Belt,867,272.0,577.0
2016,Georgia State,Sun Belt,743,427.0,305.0
2016,Georgia Tech,ACC,745,169.0,561.0
2016,Hawai'i,Mountain West,901,452.0,438.0
2016,Houston,American Athletic,1075,546.0,512.0
2016,Illinois,Big Ten,703,365.99999999999994,324.0
2016,Indiana,Big Ten,988,475.0,495.99999999999994
2016,Iowa,Big Ten,802,331.0,461.0
2016,Iowa State,Big 12,852,421.0,414.0
2016,Kansas,Big 12,859,484.0,363.0
2016,Kansas State,Big 12,865,326.0,522.0
2016,Kent State,Mid-American,628,256.0,360.0
2016,Kentucky,SEC,859,328.0,515.0
2016,Liberty,FBS Independents,131,67.0,64.0
2016,Louisiana,Sun Belt,923,373.0,532.0
2016,Louisiana Monroe,Sun Belt,855,375.0,469.0
2016,Louisiana Tech,Conference USA,950,554.0,373.0
2016,Louisville,ACC,948,471.0,457.0
2016,LSU,SEC,742,307.0,424.0
2016,Marshall,Conference USA,677,395.99999999999994,279.0
2016,Maryland,Big Ten,868,382.0,475.99999999999994
2016,Memphis,American Athletic,963,506.0,436.0
2016,Miami,ACC,859,442.00000000000006,397.0
2016,Miami (OH),Mid-American,822,388.0,423.0
2016,Michigan,Big Ten,934,379.0,535.0
2016,Michigan State,Big Ten,828,378.0,435.0
2016,Middle Tennessee,Conference USA,893,514.0,363.0
2016,Minnesota,Big Ten,882,331.0,529.0
2016,Mississippi State,SEC,935,420.0,504.0
2016,Missouri,SEC,923,447.0,470.0
2016,Navy,American Athletic,879,180.0,691.0
2016,NC State,ACC,923,446.0,468.0
2016,Nebraska,Big Ten,905,405.0,489.00000000000006
2016,Nevada,Mountain West,733,320.0,404.00000000000006
2016,New Mexico,Mountain West,852,190.0,650.0
2016,New Mexico State,FBS Independents,846,447.00000000000006,385.0
2016,North Carolina,ACC,847,461.0,369.0
2016,Northern Illinois,Mid-American,848,373.0,464.0
2016,North Texas,Conference USA,845,468.0,368.0
2016,Northwestern,Big Ten,972,513.0,450.0
2016,Notre Dame,FBS Independents,819,411.0,392.0
2016,Ohio,Mid-American,990,451.0,510.0
2016,Ohio State,Big Ten,975,425.0,533.0
2016,Oklahoma,Big 12,945,395.0,540.0
2016,Oklahoma State,Big 12,953,483.0,450.0
2016,Old Dominion,Conference USA,796,355.0,429.99999999999994
2016,Ole Miss,SEC,906,494.0,390.0
2016,Oregon,Pac-12,872,410.0,452.0
2016,Oregon State,Pac-12,803,381.0,410.00000000000006
2016,Penn State,Big Ten,929,406.0,502.0
2016,Pittsburgh,ACC,849,328.0,510.99999999999994
2016,Purdue,Big Ten,908,575.0,323.0
2016,Rice,Conference USA,871,428.0,434.0
2016,Rutgers,Big Ten,809,352.0,446.0
2016,San Diego State,Mountain West,828,249.0,559.0
2016,San José State,Mountain West,844,407.0,421.0
2016,SMU,American Athletic,930,472.00000000000006,439.0
2016,South Alabama,Sun Belt,861,427.0,423.0
2016,South Carolina,SEC,869,434.0,421.0
2016,Southern Mississippi,Conference USA,1002,488.0,497.0
2016,South Florida,American Athletic,841,334.0,498.00000000000006
2016,Stanford,Pac-12,823,328.0,475.00000000000006
2016,Syracuse,ACC,950,543.0,399.0
2016,TCU,Big 12,985,521.0,446.0
2016,Temple,American Athletic,973,424.0,525.0
2016,Tennessee,SEC,878,389.0,478.0
2016,Texas,Big 12,984,411.0,556.0
2016,Texas A&M,SEC,933,467.00000000000006,449.0
2016,Texas State,Sun Belt,812,433.99999999999994,371.0
2016,Texas Tech,Big 12,1035,668.0,352.0
2016,Toledo,Mid-American,850,395.0,442.0
2016,Troy,Sun Belt,820,410.0,395.0
2016,Tulane,American Athletic,833,272.0,550.0
2016,Tulsa,American Athletic,1104,455.0,628.0
2016,UCF,American Athletic,882,421.0,444.0
2016,UCLA,Pac-12,836,507.0,315.0
2016,UMass,FBS Independents,783,462.0,313.0
2016,UNLV,Mountain West,815,300.0,500.0
2016,USC,Pac-12,958,470.0,470.0
2016,Utah,Pac-12,957,416.0,520.0
2016,Utah State,Mountain West,791,399.99999999999994,379.0
2016,UTEP,Conference USA,655,317.0,335.0
2016,UT San Antonio,Conference USA,800,375.0,415.00000000000006
2016,Vanderbilt,SEC,884,415.0,452.99999999999994
2016,Virginia,ACC,844,505.0,334.0
2016,Virginia Tech,ACC,1068,468.0,579.0
2016,Wake Forest,ACC,890,383.0,485.0
2016,Washington,Pac-12,933,427.0,490.00000000000006
2016,Washington State,Pac-12,1019,680.0,329.0
2016,Western Kentucky,Conference USA,881,433.0,427.0
2016,Western Michigan,Mid-American,964,368.0,577.0
2016,West Virginia,Big 12,965,423.0,527.0
2016,Wisconsin,Big Ten,978,338.0,621.0
2016,Wyoming,Mountain West,926,379.0,536.0
2017,Air Force,Mountain West,877,160.0,708.0
2017,Akron,Mid-American,877,462.00000000000006,409.0
2017,Alabama,SEC,945,355.0,571.0
2017,Appalachian State,Sun Belt,870,353.0,499.99999999999994
2017,Arizona,Pac-12,890,306.0,569.0
2017,Arizona State,Pac-12,980,446.0,515.0
2017,Arkansas,SEC,784,361.0,417.0
2017,Arkansas State,Sun Belt,974,533.0,424.0
2017,Army,FBS Independents,828,65.0,760.0
2017,Auburn,SEC,1010,406.0,582.0
2017,Ball State,Mid-American,883,422.0,452.00000000000006
2017,Baylor,Big 12,872,486.00000000000006,366.0
2017,Boise State,Mountain West,979,464.0,496.00000000000006
2017,Boston College,ACC,968,372.0,583.0
2017,Bowling Green,Mid-American,841,432.99999999999994,391.0
2017,Buffalo,Mid-American,824,408.0,401.0
2017,BYU,FBS Independents,804,424.99999999999994,365.0
2017,California,Pac-12,905,506.00000000000006,379.0
2017,Central Michigan,Mid-American,902,479.99999999999994,415.0
2017,Charlotte,Conference USA,742,337.0,401.00000000000006
2017,Cincinnati,American Athletic,790,436.00000000000006,344.0
2017,Clemson,ACC,1027,480.0,535.0
2017,Coastal Carolina,Sun Belt,733,325.0,397.0
2017,Colorado,Pac-12,911,442.0,453.0
2017,Colorado State,Mountain West,971,461.0,495.0
2017,Connecticut,American Athletic,891,438.0,442.0
2017,Duke,ACC,992,476.0,498.00000000000006
2017,East Carolina,American Athletic,924,543.0,365.0
2017,Eastern Michigan,Mid-American,844,441.0,389.0
2017,Florida,SEC,714,341.0,356.0
2017,Florida Atlantic,Conference USA,1021,365.0,640.0
2017,Florida International,Conference USA,874,407.0,450.99999999999994
2017,Florida State,ACC,802,368.0,417.99999999999994
2017,Fresno State,Mountain West,953,432.0,496.0
2017,Georgia,SEC,970,317.0,632.0
2017,Georgia Southern,Sun Belt,822,217.0,590.0
2017,Georgia State,Sun Belt,674,341.0,326.0
2017,Georgia Tech,ACC,735,138.0,589.0
2017,Hawai'i,Mountain West,823,440.0,379.0
2017,Houston,American Athletic,838,416.0,412.0
2017,Illinois,Big Ten,722,371.0,339.0
2017,Indiana,Big Ten,944,518.0,410.0
2017,Iowa,Big Ten,805,362.0,431.0
2017,Iowa State,Big 12,902,486.0,399.0
2017,Kansas,Big 12,853,479.0,357.0
2017,Kansas State,Big 12,794,286.0,487.0
2017,Kent State,Mid-American,739,271.0,459.0
2017,Kentucky,SEC,816,353.0,441.99999999999994
2017,Liberty,FBS Independents,106,60.0,42.0
2017,Louisiana,Sun Belt,769,379.0,379.0
2017,Louisiana Monroe,Sun Belt,851,412.0,429.99999999999994
2017,Louisiana Tech,Conference USA,917,434.0,458.0
2017,Louisville,ACC,946,477.99999999999994,451.0
2017,LSU,SEC,858,323.0,519.0
2017,Marshall,Conference USA,872,432.0,430.0
2017,Maryland,Big Ten,743,337.0,395.0
2017,Memphis,American Athletic,925,491.0,419.0
2017,Miami,ACC,837,446.0,373.0
2017,Miami (OH),Mid-American,821,403.0,406.0
2017,Michigan,Big Ten,865,369.0,475.99999999999994
2017,Michigan State,Big Ten,952,435.0,502.0
2017,Middle Tennessee,Conference USA,886,478.99999999999994,391.0
2017,Minnesota,Big Ten,750,251.0,484.99999999999994
2017,Mississippi State,SEC,980,360.0,606.0
2017,Missouri,SEC,905,434.0,452.0
2017,Navy,American Athletic,826,99.0,717.0
2017,NC State,ACC,960,486.0,463.0
2017,Nebraska,Big Ten,822,471.99999999999994,336.0
2017,Nevada,Mountain West,801,455.99999999999994,336.0
2017,New Mexico,Mountain West,762,250.0,502.0
2017,New Mexico State,FBS Independents,980,645.0,322.0
2017,North Carolina,ACC,815,427.0,379.0
2017,Northern Illinois,Mid-American,934,416.0,508.0
2017,North Texas,Conference USA,1012,525.0,466.0
2017,Northwestern,Big Ten,1026,499.0,513.0
2017,Notre Dame,FBS Independents,909,373.0,522.0
2017,Ohio,Mid-American,803,300.0,487.0
2017,Ohio State,Big Ten,1009,448.0,544.0
2017,Oklahoma,Big 12,970,447.0,507.00000000000006
2017,Oklahoma State,Big 12,997,510.00000000000006,464.0
2017,Old Dominion,Conference USA,801,356.0,429.0
2017,Ole Miss,SEC,800,449.0,332.0
2017,Oregon,Pac-12,928,333.0,585.0
2017,Oregon State,Pac-12,756,364.0,378.99999999999994
2017,Penn State,Big Ten,924,491.99999999999994,423.0
2017,Pittsburgh,ACC,800,382.0,407.0
2017,Purdue,Big Ten,862,485.0,362.0
2017,Rice,Conference USA,701,262.0,435.99999999999994
2017,Rutgers,Big Ten,696,282.0,407.0
2017,San Diego State,Mountain West,832,281.0,539.0
2017,San José State,Mountain West,879,437.0,428.0
2017,SMU,American Athletic,960,491.0,454.0
2017,South Alabama,Sun Belt,778,419.00000000000006,343.0
2017,South Carolina,SEC,801,420.99999999999994,365.0
2017,Southern Mississippi,Conference USA,917,438.0,461.99999999999994
2017,South Florida,American Athletic,998,376.0,600.0
2017,Stanford,Pac-12,852,377.0,452.99999999999994
2017,Syracuse,ACC,1030,575.0,433.0
2017,TCU,Big 12,949,437.0,497.00000000000006
2017,Temple,American Athletic,914,465.99999999999994,429.0
2017,Tennessee,SEC,720,342.0,364.0
2017,Texas,Big 12,993,517.0,464.0
2017,Texas A&M,SEC,949,470.0,462.0
2017,Texas State,Sun Belt,757,347.0,401.0
2017,Texas Tech,Big 12,981,553.0,416.0
2017,Toledo,Mid-American,978,437.0,516.0
2017,Troy,Sun Belt,798,430.0,358.0
2017,Tulane,American Athletic,741,243.0,489.0
2017,Tulsa,American Athletic,873,310.0,551.0
2017,UAB,Conference USA,860,353.0,494.0
2017,UCF,American Athletic,907,423.0,471.0
2017,UCLA,Pac-12,927,552.0,357.0
2017,UMass,FBS Independents,853,474.00000000000006,366.0
2017,UNLV,Mountain West,823,317.0,483.0
2017,USC,Pac-12,1015,505.0,498.0
2017,Utah,Pac-12,954,452.0,472.0
2017,Utah State,Mountain West,900,441.0,439.0
2017,UTEP,Conference USA,662,349.0,309.0
2017,UT San Antonio,Conference USA,749,322.0,407.0
2017,Vanderbilt,SEC,739,410.0,325.0
2017,Virginia,ACC,891,531.0,351.0
2017,Virginia Tech,ACC,984,422.0,545.0
2017,Wake Forest,ACC,961,434.0,504.99999999999994
2017,Washington,Pac-12,816,353.0,450.00000000000006
2017,Washington State,Pac-12,1014,739.0,255.0
2017,Western Kentucky,Conference USA,933,597.0,327.0
2017,Western Michigan,Mid-American,845,307.0,523.0
2017,West Virginia,Big 12,915,484.0,420.0
2017,Wisconsin,Big Ten,949,342.0,591.0
2017,Wyoming,Mountain West,793,366.0,412.0
2018,Air Force,Mountain West,852,170.0,672.0
2018,Akron,Mid-American,752,394.0,342.0
2018,Alabama,SEC,993,440.0,538.0
2018,Appalachian State,Sun Belt,845,328.0,505.00000000000006
2018,Arizona,Pac-12,872,396.0,457.00000000000006
2018,Arizona State,Pac-12,896,399.0,478.00000000000006
2018,Arkansas,SEC,806,391.0,396.0
2018,Arkansas State,Sun Belt,966,484.0,468.0
2018,Army,FBS Independents,891,96.0,787.0
2018,Auburn,SEC,886,396.0,474.00000000000006
2018,Ball State,Mid-American,902,486.0,405.0
2018,Baylor,Big 12,972,510.99999999999994,446.0
2018,Boise State,Mountain West,962,475.0,475.0
2018,Boston College,ACC,867,351.0,508.99999999999994
2018,Bowling Green,Mid-American,807,423.99999999999994,376.0
2018,Buffalo,Mid-American,990,425.0,555.0
2018,BYU,FBS Independents,835,384.0,440.00000000000006
2018,California,Pac-12,882,431.0,439.0
2018,Central Michigan,Mid-American,792,389.0,391.0
2018,Charlotte,Conference USA,757,316.0,426.0
2018,Cincinnati,American Athletic,943,387.0,551.0
2018,Clemson,ACC,1054,515.0,526.0
2018,Coastal Carolina,Sun Belt,772,293.0,465.0
2018,Colorado,Pac-12,863,439.0,413.0
2018,Colorado State,Mountain West,866,507.99999999999994,344.0
2018,Connecticut,American Athletic,823,374.0,443.00000000000006
2018,Duke,ACC,937,499.99999999999994,428.0
2018,East Carolina,American Athletic,985,581.0,385.0
2018,Eastern Michigan,Mid-American,867,407.0,447.99999999999994
2018,Florida,SEC,871,370.0,483.0
2018,Florida Atlantic,Conference USA,823,333.0,481.00000000000006
2018,Florida International,Conference USA,844,374.0,456.0
2018,Florida State,ACC,837,480.0,345.0
2018,Fresno State,Mountain West,926,436.0,476.0
2018,Georgia,SEC,915,364.0,532.0
2018,Georgia Southern,Sun Belt,752,132.0,601.0
2018,Georgia State,Sun Belt,772,346.0,416.0
2018,Georgia Tech,ACC,849,138.0,701.0
2018,Hawai'i,Mountain West,950,580.0,354.0
2018,Houston,American Athletic,975,486.0,480.0
2018,Illinois,Big Ten,821,349.0,452.00000000000006
2018,Indiana,Big Ten,897,491.99999999999994,390.0
2018,Iowa,Big Ten,888,413.0,457.99999999999994
2018,Iowa State,Big 12,825,388.0,421.99999999999994
2018,Kansas,Big 12,807,407.99999999999994,386.0
2018,Kansas State,Big 12,785,313.0,457.0
2018,Kent State,Mid-American,894,450.00000000000006,430.0
2018,Kentucky,SEC,809,313.0,487.0
2018,Liberty,FBS Independents,921,460.0,454.0
2018,Louisiana,Sun Belt,892,363.0,514.0
2018,Louisiana Monroe,Sun Belt,785,399.0,377.0
2018,Louisiana Tech,Conference USA,898,488.0,394.0
2018,Louisville,ACC,776,415.0,350.0
2018,LSU,SEC,955,413.0,513.0
2018,Marshall,Conference USA,894,444.0,435.0
2018,Maryland,Big Ten,721,263.0,444.99999999999994
2018,Memphis,American Athletic,1017,428.0,572.0
2018,Miami,ACC,818,373.0,435.0
2018,Miami (OH),Mid-American,813,383.0,418.0
2018,Michigan,Big Ten,896,359.0,515.0
2018,Michigan State,Big Ten,950,505.0,426.0
2018,Middle Tennessee,Conference USA,963,503.99999999999994,440.0
2018,Minnesota,Big Ten,855,363.0,475.0
2018,Mississippi State,SEC,830,343.0,475.0
2018,Missouri,SEC,1008,446.0,535.0
2018,Navy,American Athletic,834,146.0,677.0
2018,NC State,ACC,978,494.99999999999994,460.0
2018,Nebraska,Big Ten,860,417.0,429.0
2018,Nevada,Mountain West,915,494.0,404.0
2018,New Mexico,Mountain West,748,300.0,442.0
2018,New Mexico State,FBS Independents,881,565.0,303.0
2018,North Carolina,ACC,807,411.0,378.0
2018,Northern Illinois,Mid-American,985,432.0,539.0
2018,North Texas,Conference USA,956,514.0,422.0
2018,Northwestern,Big Ten,1034,548.0,475.0
2018,Notre Dame,FBS Independents,941,434.0,490.00000000000006
2018,Ohio,Mid-American,851,319.0,518.0
2018,Ohio State,Big Ten,1101,565.0,523.0
2018,Oklahoma,Big 12,915,406.0,492.0
2018,Oklahoma State,Big 12,999,512.0,471.0
2018,Old Dominion,Conference USA,881,494.99999999999994,372.0
2018,Ole Miss,SEC,855,458.00000000000006,376.0
2018,Oregon,Pac-12,928,431.0,490.99999999999994
2018,Oregon State,Pac-12,902,462.0,428.0
2018,Penn State,Big Ten,888,399.0,472.0
2018,Pittsburgh,ACC,874,341.0,519.0
2018,Purdue,Big Ten,898,519.0,361.0
2018,Rice,Conference USA,836,370.0,451.0
2018,Rutgers,Big Ten,763,361.0,393.00000000000006
2018,San Diego State,Mountain West,821,335.0,466.0
2018,San José State,Mountain West,803,476.00000000000006,312.0
2018,SMU,American Athletic,856,482.0,361.0
2018,South Alabama,Sun Belt,732,314.0,409.99999999999994
2018,South Carolina,SEC,869,448.00000000000006,408.0
2018,Southern Mississippi,Conference USA,769,397.0,355.0
2018,South Florida,American Athletic,860,413.0,431.0
2018,Stanford,Pac-12,813,440.0,357.0
2018,Syracuse,ACC,1056,487.0,539.0
2018,TCU,Big 12,883,414.0,454.0
2018,Temple,American Athletic,926,448.0,465.99999999999994
2018,Tennessee,SEC,702,310.0,380.0
2018,Texas,Big 12,1026,487.0,520.0
2018,Texas A&M,SEC,959,455.0,481.00000000000006
2018,Texas State,Sun Belt,757,348.0,400.00000000000006
2018,Texas Tech,Big 12,961,545.0,398.0
2018,Toledo,Mid-American,917,409.0,492.99999999999994
2018,Troy,Sun Belt,842,386.0,437.99999999999994
2018,Tulane,American Athletic,822,313.0,501.0
2018,Tulsa,American Athletic,880,340.0,527.0
2018,UAB,Conference USA,945,353.0,577.0
2018,UCF,American Athletic,974,401.0,561.0
2018,UCLA,Pac-12,843,424.00000000000006,404.0
2018,UMass,FBS Independents,796,434.99999999999994,350.0
2018,UNLV,Mountain West,876,373.0,497.0
2018,USC,Pac-12,781,409.99999999999994,358.0
2018,Utah,Pac-12,966,426.0,514.0
2018,Utah State,Mountain West,931,460.0,448.0
2018,UTEP,Conference USA,728,344.0,374.99999999999994
2018,UT San Antonio,Conference USA,741,425.0,302.0
2018,Vanderbilt,SEC,839,425.00000000000006,401.0
2018,Virginia,ACC,839,377.0,446.0
2018,Virginia Tech,ACC,934,447.0,474.99999999999994
2018,Wake Forest,ACC,1054,468.0,567.0
2018,Washington,Pac-12,956,417.0,523.0
2018,Washington State,Pac-12,938,671.0,256.0
2018,Western Kentucky,Conference USA,841,443.0,387.0
2018,Western Michigan,Mid-American,938,404.0,523.0
2018,West Virginia,Big 12,862,463.0,382.0
2018,Wisconsin,Big Ten,856,318.0,528.0
2018,Wyoming,Mountain West,754,288.0,451.0
2019,Air Force,Mountain West,863,129.0,721.0
2019,Akron,Mid-American,712,443.00000000000006,262.0
2019,Alabama,SEC,829,408.0,409.0
2019,Appalachian State,Sun Belt,951,379.0,561.0
2019,Arizona,Pac-12,864,446.0,409.0
2019,Arizona State,Pac-12,838,404.0,412.0
2019,Arkansas,SEC,779,420.0,345.0
2019,Arkansas State,Sun Belt,913,490.99999999999994,402.0
2019,Army,FBS Independents,851,138.0,707.0
2019,Auburn,SEC,928,398.0,513.0
2019,Ball State,Mid-American,893,384.0,494.0
2019,Baylor,Big 12,929,463.0,452.0
2019,Boise State,Mountain West,961,476.0,470.0
2019,Boston College,ACC,947,307.0,628.0
2019,Bowling Green,Mid-American,818,344.0,468.0
2019,Buffalo,Mid-American,916,280.0,625.0
2019,BYU,FBS Independents,913,479.0,417.0
2019,California,Pac-12,828,399.0,418.0
2019,Central Michigan,Mid-American,984,484.0,486.0
2019,Charlotte,Conference USA,829,332.0,487.0
2019,Cincinnati,American Athletic,972,393.0,564.0
2019,Clemson,ACC,1053,507.0,533.0
2019,Coastal Carolina,Sun Belt,831,343.0,474.0
2019,Colorado,Pac-12,847,421.0,409.0
2019,Colorado State,Mountain West,822,456.0,352.0
2019,Connecticut,American Athletic,796,404.99999999999994,381.0
2019,Duke,ACC,851,393.0,443.0
2019,East Carolina,American Athletic,888,452.99999999999994,412.0
2019,Eastern Michigan,Mid-American,873,469.0,389.0
2019,Florida,SEC,853,479.0,357.0
2019,Florida Atlantic,Conference USA,1048,513.0,516.0
2019,Florida International,Conference USA,866,386.0,459.0
2019,Florida State,ACC,893,467.00000000000006,420.0
2019,Fresno State,Mountain West,757,383.00000000000006,363.0
2019,Georgia,SEC,942,418.0,499.0
2019,Georgia Southern,Sun Belt,807,176.0,612.0
2019,Georgia State,Sun Belt,872,352.0,510.0
2019,Georgia Tech,ACC,700,285.0,411.99999999999994
2019,Hawai'i,Mountain West,1031,647.0,375.0
2019,Houston,American Athletic,776,334.0,420.99999999999994
2019,Illinois,Big Ten,833,387.0,433.0
2019,Indiana,Big Ten,931,484.99999999999994,430.0
2019,Iowa,Big Ten,864,421.0,414.0
2019,Iowa State,Big 12,885,484.0,384.0
2019,Kansas,Big 12,760,401.0,348.0
2019,Kansas State,Big 12,833,312.0,502.0
2019,Kent State,Mid-American,912,388.0,495.0
2019,Kentucky,SEC,807,266.0,532.0
2019,Liberty,FBS Independents,881,470.99999999999994,398.0
2019,Louisiana,Sun Belt,988,425.0,549.0
2019,Louisiana Monroe,Sun Belt,849,408.0,431.99999999999994
2019,Louisiana Tech,Conference USA,912,468.99999999999994,428.0
2019,Louisville,ACC,854,335.0,511.0
2019,LSU,SEC,1071,586.0000000000001,463.0
2019,Marshall,Conference USA,869,372.0,479.0
2019,Maryland,Big Ten,747,368.0,376.99999999999994
2019,Memphis,American Athletic,981,454.0,504.0
2019,Miami,ACC,827,467.00000000000006,347.0
2019,Miami (OH),Mid-American,871,362.0,484.0
2019,Michigan,Big Ten,890,425.0,452.0
2019,Michigan State,Big Ten,927,469.0,436.0
2019,Middle Tennessee,Conference USA,751,373.0,367.0
2019,Minnesota,Big Ten,871,339.0,521.0
2019,Mississippi State,SEC,831,338.0,484.0
2019,Missouri,SEC,845,392.0,437.0
2019,Navy,American Athletic,851,118.99999999999999,720.0
2019,NC State,ACC,874,465.0,389.0
2019,Nebraska,Big Ten,857,338.0,506.0
2019,Nevada,Mountain West,917,506.0,391.0
2019,New Mexico,Mountain West,817,339.0,466.00000000000006
2019,New Mexico State,FBS Independents,811,463.0,338.0
2019,North Carolina,ACC,942,453.0,470.0
2019,Northern Illinois,Mid-American,804,376.0,414.00000000000006
2019,North Texas,Conference USA,834,465.0,353.0
2019,Northwestern,Big Ten,822,322.0,490.00000000000006
2019,Notre Dame,FBS Independents,882,421.0,444.0
2019,Ohio,Mid-American,849,347.0,489.0
2019,Ohio State,Big Ten,1038,428.0,596.0
2019,Oklahoma,Big 12,939,396.0,524.0
2019,Oklahoma State,Big 12,915,378.0,517.0
2019,Old Dominion,Conference USA,793,421.0,357.0
2019,Ole Miss,SEC,869,341.0,516.0
2019,Oregon,Pac-12,950,464.0,477.0
2019,Oregon State,Pac-12,824,440.0,380.0
2019,Penn State,Big Ten,870,390.0,467.0
2019,Pittsburgh,ACC,939,521.0,396.0
2019,Purdue,Big Ten,846,532.0,300.0
2019,Rice,Conference USA,729,337.0,382.0
2019,Rutgers,Big Ten,733,297.0,425.0
2019,San Diego State,Mountain West,925,402.0,501.0
2019,San José State,Mountain West,803,502.99999999999994,279.0
2019,SMU,American Athletic,1021,501.0,507.0
2019,South Alabama,Sun Belt,766,298.0,459.00000000000006
2019,South Carolina,SEC,861,480.99999999999994,362.0
2019,Southern Mississippi,Conference USA,862,442.0,401.0
2019,South Florida,American Athletic,751,365.0,379.0
2019,Stanford,Pac-12,789,460.99999999999994,310.0
2019,Syracuse,ACC,886,442.0,426.0
2019,TCU,Big 12,898,415.0,456.99999999999994
2019,Temple,American Athletic,938,480.0,445.0
2019,Tennessee,SEC,824,375.0,430.0
2019,Texas,Big 12,935,492.00000000000006,431.0
2019,Texas A&M,SEC,867,465.99999999999994,381.0
2019,Texas State,Sun Belt,688,440.0,238.0
2019,Texas Tech,Big 12,928,530.0,378.0
2019,Toledo,Mid-American,838,354.0,473.0
2019,Troy,Sun Belt,892,506.0,370.0
2019,Tulane,American Athletic,928,353.0,565.0
2019,Tulsa,American Athletic,936,471.0,450.0
2019,UAB,Conference USA,888,353.0,517.0
2019,UCF,American Athletic,1000,472.0,513.0
2019,UCLA,Pac-12,911,454.0,449.0
2019,UMass,FBS Independents,808,410.0,391.0
2019,UNLV,Mountain West,818,407.0,400.0
2019,USC,Pac-12,894,527.0,353.0
2019,Utah,Pac-12,897,338.0,548.0
2019,Utah State,Mountain West,960,517.0,422.0
2019,UTEP,Conference USA,759,359.0,385.0
2019,UT San Antonio,Conference USA,795,379.0,407.0
2019,Vanderbilt,SEC,740,404.0,325.0
2019,Virginia,ACC,955,543.0,392.0
2019,Virginia Tech,ACC,867,337.0,510.99999999999994
2019,Wake Forest,ACC,1054,481.99999999999994,548.0
2019,Washington,Pac-12,870,426.0,425.0
2019,Washington State,Pac-12,920,716.0,185.0
2019,Western Kentucky,Conference USA,880,470.0,395.0
2019,Western Michigan,Mid-American,908,423.0,475.0
2019,West Virginia,Big 12,780,464.0,303.0
2019,Wisconsin,Big Ten,940,358.0,570.0
2019,Wyoming,Mountain West,819,269.0,535.0
