season,team,id,mascot,abbreviation,conference,division
2004,Air Force,2005,Falcons,AFA,Mountain West,
2004,Akron,2006,Zips,AKR,Mid-American,East
2004,Alabama,333,Crimson Tide,ALA,SEC,West
2004,Arizona,12,Wildcats,ARIZ,Pac-10,
2004,Arizona State,9,Sun Devils,ASU,Pac-10,
2004,Arkansas,8,Razorbacks,ARK,SEC,West
2004,Arkansas State,2032,Red Wolves,ARST,Sun Belt,
2004,Army,349,Black Knights,ARMY,Conference USA,
2004,Auburn,2,Tigers,AUB,SEC,West
2004,Ball State,2050,Cardinals,BALL,Mid-American,West
2004,Baylor,239,Bears,BAY,Big 12,South
2004,Boise State,68,Broncos,BSU,Western Athletic,
2004,Boston College,103,Eagles,BC,Big East,
2004,Bowling Green,189,Falcons,BGSU,Mid-American,West
2004,Buffalo,2084,Bulls,BUFF,Mid-American,East
2004,BYU,252,Cougars,BYU,Mountain West,
2004,California,25,Golden Bears,CAL,Pac-10,
2004,Central Michigan,2117,Chippewas,CMU,Mid-American,West
2004,Cincinnati,2132,Bearcats,CIN,Conference USA,
2004,Clemson,228,Tigers,CLEM,ACC,
2004,Colorado,38,Buffaloes,COLO,Big 12,North
2004,Colorado State,36,Rams,CSU,Mountain West,
2004,Connecticut,41,Huskies,CONN,Big East,
2004,Duke,150,Blue Devils,DUKE,ACC,
2004,East Carolina,151,Pirates,ECU,Conference USA,
2004,Eastern Michigan,2199,Eagles,EMU,Mid-American,West
2004,Florida,57,Gators,FLA,SEC,East
2004,Florida A&M,50,Rattlers,FAMU,FBS Independents,
2004,Florida Atlantic,2226,Owls,FAU,Sun Belt,
2004,Florida International,2229,Golden Panthers,FIU,Sun Belt,
2004,Florida State,52,Seminoles,FSU,ACC,
2004,Fresno State,278,Bulldogs,FRES,Western Athletic,
2004,Georgia,61,Bulldogs,UGA,SEC,East
2004,Georgia Tech,59,Yellow Jackets,GT,ACC,
2004,Hawai'i,62,Rainbow Warriors,HAW,Western Athletic,
2004,Houston,248,Cougars,HOU,Conference USA,
2004,Idaho,70,Vandals,IDHO,Sun Belt,
2004,Illinois,356,Fighting Illini,ILL,Big Ten,
2004,Indiana,84,Hoosiers,IND,Big Ten,
2004,Iowa,2294,Hawkeyes,IOWA,Big Ten,
2004,Iowa State,66,Cyclones,ISU,Big 12,North
2004,Kansas,2305,Jayhawks,KU,Big 12,North
2004,Kansas State,2306,Wildcats,KSU,Big 12,North
2004,Kent State,2309,Golden Flashes,KENT,Mid-American,East
2004,Kentucky,96,Wildcats,UK,SEC,East
2004,Louisiana,309,Ragin' Cajuns,ULL,Sun Belt,
2004,Louisiana Monroe,2433,Warhawks,ULM,Sun Belt,
2004,Louisiana Tech,2348,Bulldogs,LT,Western Athletic,
2004,Louisville,97,Cardinals,LOU,Conference USA,
2004,LSU,99,Tigers,LSU,SEC,West
2004,Marshall,276,Thundering Herd,MRSH,Mid-American,East
2004,Maryland,120,Terrapins,MD,ACC,
2004,Memphis,235,Tigers,MEM,Conference USA,
2004,Miami,2390,Hurricanes,MIAMI,ACC,
2004,Miami (OH),193,RedHawks,M-OH,Mid-American,East
2004,Michigan,130,Wolverines,MICH,Big Ten,
2004,Michigan State,127,Spartans,MSU,Big Ten,
2004,Middle Tennessee,2393,Blue Raiders,MTSU,Sun Belt,
2004,Minnesota,135,Golden Gophers,MINN,Big Ten,
2004,Mississippi State,344,Bulldogs,MSST,SEC,West
2004,Missouri,142,Tigers,MIZ,Big 12,North
2004,Navy,2426,Midshipmen,NAVY,FBS Independents,
2004,NC State,152,Wolfpack,NCST,ACC,
2004,Nebraska,158,Cornhuskers,NEB,Big 12,North
2004,Nevada,2440,Wolf Pack,NEV,Western Athletic,
2004,New Mexico,167,Lobos,UNM,Mountain West,
2004,New Mexico State,166,Aggies,NMSU,Sun Belt,
2004,North Carolina,153,Tar Heels,UNC,ACC,
2004,Northern Illinois,2459,Huskies,NIU,Mid-American,West
2004,North Texas,249,Mean Green,UNT,Sun Belt,
2004,Northwestern,77,Wildcats,NW,Big Ten,
2004,Notre Dame,87,Fighting Irish,ND,FBS Independents,
2004,Ohio,195,Bobcats,OHIO,Mid-American,East
2004,Ohio State,194,Buckeyes,OSU,Big Ten,
2004,Oklahoma,201,Sooners,OKLA,Big 12,South
2004,Oklahoma State,197,Cowboys,OKST,Big 12,South
2004,Ole Miss,145,Rebels,MISS,SEC,West
2004,Oregon,2483,Ducks,ORE,Pac-10,
2004,Oregon State,204,Beavers,ORST,Pac-10,
2004,Penn State,213,Nittany Lions,PSU,Big Ten,
2004,Pittsburgh,221,Panthers,PITT,Big East,
2004,Purdue,2509,Boilermakers,PUR,Big Ten,
2004,Rice,242,Owls,RICE,Western Athletic,
2004,Rutgers,164,Scarlet Knights,RUTG,Big East,
2004,San Diego State,21,Aztecs,SDSU,Mountain West,
2004,San José State,23,Spartans,SJSU,Western Athletic,
2004,SMU,2567,Mustangs,SMU,Western Athletic,
2004,South Carolina,2579,Gamecocks,SC,SEC,East
2004,Southern Mississippi,2572,Golden Eagles,USM,Conference USA,
2004,South Florida,58,Bulls,USF,Conference USA,
2004,Stanford,24,Cardinal,STAN,Pac-10,
2004,Syracuse,183,Orange,SYR,Big East,
2004,TCU,2628,Horned Frogs,TCU,Conference USA,
2004,Temple,218,Owls,TEM,Big East,
2004,Tennessee,2633,Volunteers,TENN,SEC,East
2004,Texas,251,Longhorns,TEX,Big 12,South
2004,Texas A&M,245,Aggies,TA&M,Big 12,South
2004,Texas Tech,2641,Red Raiders,TTU,Big 12,South
2004,Toledo,2649,Rockets,TOL,Mid-American,West
2004,Troy,2653,Trojans,TROY,Sun Belt,
2004,Tulane,2655,Green Wave,TULN,Conference USA,
2004,Tulsa,202,Golden Hurricane,TLSA,Western Athletic,
2004,UAB,5,Blazers,UAB,Conference USA,
2004,UCF,2116,Knights,UCF,Mid-American,East
2004,UCLA,26,Bruins,UCLA,Pac-10,
2004,UNLV,2439,Rebels,UNLV,Mountain West,
2004,USC,30,Trojans,USC,Pac-10,
2004,Utah,254,Utes,UTAH,Mountain West,
2004,Utah State,328,Aggies,USU,Sun Belt,
2004,UTEP,2638,Miners,UTEP,Western Athletic,
2004,Vanderbilt,238,Commodores,VAN,SEC,East
2004,Virginia,258,Cavaliers,UVA,ACC,
2004,Virginia Tech,259,Hokies,VT,ACC,
2004,Wake Forest,154,Demon Deacons,WAKE,ACC,
2004,Washington,264,Huskies,WASH,Pac-10,
2004,Washington State,265,Cougars,WSU,Pac-10,
2004,Western Michigan,2711,Broncos,WMU,Mid-American,West
2004,West Virginia,277,Mountaineers,WVU,Big East,
2004,Wisconsin,275,Badgers,WIS,Big Ten,
2004,Wyoming,2751,Cowboys,WYO,Mountain West,
2005,Air Force,2005,Falcons,AFA,Mountain West,
2005,Akron,2006,Zips,AKR,Mid-American,East
2005,Alabama,333,Crimson Tide,ALA,SEC,West
2005,Arizona,12,Wildcats,ARIZ,Pac-10,
2005,Arizona State,9,Sun Devils,ASU,Pac-10,
2005,Arkansas,8,Razorbacks,ARK,SEC,West
2005,Arkansas State,2032,Red Wolves,ARST,Sun Belt,
2005,Army,349,Black Knights,ARMY,FBS Independents,
2005,Auburn,2,Tigers,AUB,SEC,West
2005,Ball State,2050,Cardinals,BALL,Mid-American,West
2005,Baylor,239,Bears,BAY,Big 12,South
2005,Boise State,68,Broncos,BSU,Western Athletic,
2005,Boston College,103,Eagles,BC,ACC,Atlantic
2005,Bowling Green,189,Falcons,BGSU,Mid-American,East
2005,Buffalo,2084,Bulls,BUFF,Mid-American,East
2005,BYU,252,Cougars,BYU,Mountain West,
2005,California,25,Golden Bears,CAL,Pac-10,
2005,Central Michigan,2117,Chippewas,CMU,Mid-American,West
2005,Cincinnati,2132,Bearcats,CIN,Big East,
2005,Clemson,228,Tigers,CLEM,ACC,Atlantic
2005,Colorado,38,Buffaloes,COLO,Big 12,North
2005,Colorado State,36,Rams,CSU,Mountain West,
2005,Connecticut,41,Huskies,CONN,Big East,
2005,Duke,150,Blue Devils,DUKE,ACC,Coastal
2005,East Carolina,151,Pirates,ECU,Conference USA,East
2005,Eastern Michigan,2199,Eagles,EMU,Mid-American,West
2005,Florida,57,Gators,FLA,SEC,East
2005,Florida Atlantic,2226,Owls,FAU,Sun Belt,
2005,Florida International,2229,Golden Panthers,FIU,Sun Belt,
2005,Florida State,52,Seminoles,FSU,ACC,Atlantic
2005,Fresno State,278,Bulldogs,FRES,Western Athletic,
2005,Georgia,61,Bulldogs,UGA,SEC,East
2005,Georgia Tech,59,Yellow Jackets,GT,ACC,Coastal
2005,Hawai'i,62,Rainbow Warriors,HAW,Western Athletic,
2005,Houston,248,Cougars,HOU,Conference USA,West
2005,Idaho,70,Vandals,IDHO,Western Athletic,
2005,Illinois,356,Fighting Illini,ILL,Big Ten,
2005,Indiana,84,Hoosiers,IND,Big Ten,
2005,Iowa,2294,Hawkeyes,IOWA,Big Ten,
2005,Iowa State,66,Cyclones,ISU,Big 12,North
2005,Kansas,2305,Jayhawks,KU,Big 12,North
2005,Kansas State,2306,Wildcats,KSU,Big 12,North
2005,Kent State,2309,Golden Flashes,KENT,Mid-American,East
2005,Kentucky,96,Wildcats,UK,SEC,East
2005,Louisiana,309,Ragin' Cajuns,ULL,Sun Belt,
2005,Louisiana Monroe,2433,Warhawks,ULM,Sun Belt,
2005,Louisiana Tech,2348,Bulldogs,LT,Western Athletic,
2005,Louisville,97,Cardinals,LOU,Big East,
2005,LSU,99,Tigers,LSU,SEC,West
2005,Marshall,276,Thundering Herd,MRSH,Conference USA,East
2005,Maryland,120,Terrapins,MD,ACC,Atlantic
2005,Memphis,235,Tigers,MEM,Conference USA,East
2005,Miami,2390,Hurricanes,MIAMI,ACC,Coastal
2005,Miami (OH),193,RedHawks,M-OH,Mid-American,East
2005,Michigan,130,Wolverines,MICH,Big Ten,
2005,Michigan State,127,Spartans,MSU,Big Ten,
2005,Middle Tennessee,2393,Blue Raiders,MTSU,Sun Belt,
2005,Minnesota,135,Golden Gophers,MINN,Big Ten,
2005,Mississippi State,344,Bulldogs,MSST,SEC,West
2005,Missouri,142,Tigers,MIZ,Big 12,North
2005,Navy,2426,Midshipmen,NAVY,FBS Independents,
2005,NC State,152,Wolfpack,NCST,ACC,Atlantic
2005,Nebraska,158,Cornhuskers,NEB,Big 12,North
2005,Nevada,2440,Wolf Pack,NEV,Western Athletic,
2005,New Mexico,167,Lobos,UNM,Mountain West,
2005,New Mexico State,166,Aggies,NMSU,Western Athletic,
2005,North Carolina,153,Tar Heels,UNC,ACC,Coastal
2005,Northern Illinois,2459,Huskies,NIU,Mid-American,West
2005,North Texas,249,Mean Green,UNT,Sun Belt,
2005,Northwestern,77,Wildcats,NW,Big Ten,
2005,Notre Dame,87,Fighting Irish,ND,FBS Independents,
2005,Ohio,195,Bobcats,OHIO,Mid-American,East
2005,Ohio State,194,Buckeyes,OSU,Big Ten,
2005,Oklahoma,201,Sooners,OKLA,Big 12,South
2005,Oklahoma State,197,Cowboys,OKST,Big 12,South
2005,Ole Miss,145,Rebels,MISS,SEC,West
2005,Oregon,2483,Ducks,ORE,Pac-10,
2005,Oregon State,204,Beavers,ORST,Pac-10,
2005,Penn State,213,Nittany Lions,PSU,Big Ten,
2005,Pittsburgh,221,Panthers,PITT,Big East,
2005,Purdue,2509,Boilermakers,PUR,Big Ten,
2005,Rice,242,Owls,RICE,Conference USA,West
2005,Rutgers,164,Scarlet Knights,RUTG,Big East,
2005,San Diego State,21,Aztecs,SDSU,Mountain West,
2005,San José State,23,Spartans,SJSU,Western Athletic,
2005,SMU,2567,Mustangs,SMU,Conference USA,West
2005,South Carolina,2579,Gamecocks,SC,SEC,East
2005,Southern Mississippi,2572,Golden Eagles,USM,Conference USA,East
2005,South Florida,58,Bulls,USF,Big East,
2005,Stanford,24,Cardinal,STAN,Pac-10,
2005,Syracuse,183,Orange,SYR,Big East,
2005,TCU,2628,Horned Frogs,TCU,Mountain West,
2005,Temple,218,Owls,TEM,FBS Independents,
2005,Tennessee,2633,Volunteers,TENN,SEC,East
2005,Texas,251,Longhorns,TEX,Big 12,South
2005,Texas A&M,245,Aggies,TA&M,Big 12,South
2005,Texas Tech,2641,Red Raiders,TTU,Big 12,South
2005,Toledo,2649,Rockets,TOL,Mid-American,West
2005,Troy,2653,Trojans,TROY,Sun Belt,
2005,Tulane,2655,Green Wave,TULN,Conference USA,West
2005,Tulsa,202,Golden Hurricane,TLSA,Conference USA,West
2005,UAB,5,Blazers,UAB,Conference USA,East
2005,UCF,2116,Knights,UCF,Conference USA,East
2005,UCLA,26,Bruins,UCLA,Pac-10,
2005,UNLV,2439,Rebels,UNLV,Mountain West,
2005,USC,30,Trojans,USC,Pac-10,
2005,Utah,254,Utes,UTAH,Mountain West,
2005,Utah State,328,Aggies,USU,Western Athletic,
2005,UTEP,2638,Miners,UTEP,Conference USA,West
2005,Vanderbilt,238,Commodores,VAN,SEC,East
2005,Virginia,258,Cavaliers,UVA,ACC,Coastal
2005,Virginia Tech,259,Hokies,VT,ACC,Coastal
2005,Wake Forest,154,Demon Deacons,WAKE,ACC,Atlantic
2005,Washington,264,Huskies,WASH,Pac-10,
2005,Washington State,265,Cougars,WSU,Pac-10,
2005,Western Michigan,2711,Broncos,WMU,Mid-American,West
2005,West Virginia,277,Mountaineers,WVU,Big East,
2005,Wisconsin,275,Badgers,WIS,Big Ten,
2005,Wyoming,2751,Cowboys,WYO,Mountain West,
2006,Air Force,2005,Falcons,AFA,Mountain West,
2006,Akron,2006,Zips,AKR,Mid-American,East
2006,Alabama,333,Crimson Tide,ALA,SEC,West
2006,Arizona,12,Wildcats,ARIZ,Pac-10,
2006,Arizona State,9,Sun Devils,ASU,Pac-10,
2006,Arkansas,8,Razorbacks,ARK,SEC,West
2006,Arkansas State,2032,Red Wolves,ARST,Sun Belt,
2006,Army,349,Black Knights,ARMY,FBS Independents,
2006,Auburn,2,Tigers,AUB,SEC,West
2006,Ball State,2050,Cardinals,BALL,Mid-American,West
2006,Baylor,239,Bears,BAY,Big 12,South
2006,Boise State,68,Broncos,BSU,Western Athletic,
2006,Boston College,103,Eagles,BC,ACC,Atlantic
2006,Bowling Green,189,Falcons,BGSU,Mid-American,East
2006,Buffalo,2084,Bulls,BUFF,Mid-American,East
2006,BYU,252,Cougars,BYU,Mountain West,
2006,California,25,Golden Bears,CAL,Pac-10,
2006,Central Michigan,2117,Chippewas,CMU,Mid-American,West
2006,Cincinnati,2132,Bearcats,CIN,Big East,
2006,Clemson,228,Tigers,CLEM,ACC,Atlantic
2006,Colorado,38,Buffaloes,COLO,Big 12,North
2006,Colorado State,36,Rams,CSU,Mountain West,
2006,Connecticut,41,Huskies,CONN,Big East,
2006,Duke,150,Blue Devils,DUKE,ACC,Coastal
2006,East Carolina,151,Pirates,ECU,Conference USA,East
2006,Eastern Michigan,2199,Eagles,EMU,Mid-American,West
2006,Florida,57,Gators,FLA,SEC,East
2006,Florida Atlantic,2226,Owls,FAU,Sun Belt,
2006,Florida International,2229,Golden Panthers,FIU,Sun Belt,
2006,Florida State,52,Seminoles,FSU,ACC,Atlantic
2006,Fresno State,278,Bulldogs,FRES,Western Athletic,
2006,Georgia,61,Bulldogs,UGA,SEC,East
2006,Georgia Tech,59,Yellow Jackets,GT,ACC,Coastal
2006,Hawai'i,62,Rainbow Warriors,HAW,Western Athletic,
2006,Houston,248,Cougars,HOU,Conference USA,West
2006,Idaho,70,Vandals,IDHO,Western Athletic,
2006,Illinois,356,Fighting Illini,ILL,Big Ten,
2006,Indiana,84,Hoosiers,IND,Big Ten,
2006,Iowa,2294,Hawkeyes,IOWA,Big Ten,
2006,Iowa State,66,Cyclones,ISU,Big 12,North
2006,Kansas,2305,Jayhawks,KU,Big 12,North
2006,Kansas State,2306,Wildcats,KSU,Big 12,North
2006,Kent State,2309,Golden Flashes,KENT,Mid-American,East
2006,Kentucky,96,Wildcats,UK,SEC,East
2006,Louisiana,309,Ragin' Cajuns,ULL,Sun Belt,
2006,Louisiana Monroe,2433,Warhawks,ULM,Sun Belt,
2006,Louisiana Tech,2348,Bulldogs,LT,Western Athletic,
2006,Louisville,97,Cardinals,LOU,Big East,
2006,LSU,99,Tigers,LSU,SEC,West
2006,Marshall,276,Thundering Herd,MRSH,Conference USA,East
2006,Maryland,120,Terrapins,MD,ACC,Atlantic
2006,Memphis,235,Tigers,MEM,Conference USA,East
2006,Miami,2390,Hurricanes,MIAMI,ACC,Coastal
2006,Miami (OH),193,RedHawks,M-OH,Mid-American,East
2006,Michigan,130,Wolverines,MICH,Big Ten,
2006,Michigan State,127,Spartans,MSU,Big Ten,
2006,Middle Tennessee,2393,Blue Raiders,MTSU,Sun Belt,
2006,Minnesota,135,Golden Gophers,MINN,Big Ten,
2006,Mississippi State,344,Bulldogs,MSST,SEC,West
2006,Missouri,142,Tigers,MIZ,Big 12,North
2006,Navy,2426,Midshipmen,NAVY,FBS Independents,
2006,NC State,152,Wolfpack,NCST,ACC,Atlantic
2006,Nebraska,158,Cornhuskers,NEB,Big 12,North
2006,Nevada,2440,Wolf Pack,NEV,Western Athletic,
2006,New Mexico,167,Lobos,UNM,Mountain West,
2006,New Mexico State,166,Aggies,NMSU,Western Athletic,
2006,North Carolina,153,Tar Heels,UNC,ACC,Coastal
2006,Northern Illinois,2459,Huskies,NIU,Mid-American,West
2006,North Texas,249,Mean Green,UNT,Sun Belt,
2006,Northwestern,77,Wildcats,NW,Big Ten,
2006,Notre Dame,87,Fighting Irish,ND,FBS Independents,
2006,Ohio,195,Bobcats,OHIO,Mid-American,East
2006,Ohio State,194,Buckeyes,OSU,Big Ten,
2006,Oklahoma,201,Sooners,OKLA,Big 12,South
2006,Oklahoma State,197,Cowboys,OKST,Big 12,South
2006,Ole Miss,145,Rebels,MISS,SEC,West
2006,Oregon,2483,Ducks,ORE,Pac-10,
2006,Oregon State,204,Beavers,ORST,Pac-10,
2006,Penn State,213,Nittany Lions,PSU,Big Ten,
2006,Pittsburgh,221,Panthers,PITT,Big East,
2006,Purdue,2509,Boilermakers,PUR,Big Ten,
2006,Rice,242,Owls,RICE,Conference USA,West
2006,Rutgers,164,Scarlet Knights,RUTG,Big East,
2006,San Diego State,21,Aztecs,SDSU,Mountain West,
2006,San José State,23,Spartans,SJSU,Western Athletic,
2006,SMU,2567,Mustangs,SMU,Conference USA,West
2006,South Carolina,2579,Gamecocks,SC,SEC,East
2006,Southern Mississippi,2572,Golden Eagles,USM,Conference USA,East
2006,South Florida,58,Bulls,USF,Big East,
2006,Stanford,24,Cardinal,STAN,Pac-10,
2006,Syracuse,183,Orange,SYR,Big East,
2006,TCU,2628,Horned Frogs,TCU,Mountain West,
2006,Temple,218,Owls,TEM,FBS Independents,
2006,Tennessee,2633,Volunteers,TENN,SEC,East
2006,Texas,251,Longhorns,TEX,Big 12,South
2006,Texas A&M,245,Aggies,TA&M,Big 12,South
2006,Texas Tech,2641,Red Raiders,TTU,Big 12,South
2006,Toledo,2649,Rockets,TOL,Mid-American,West
2006,Troy,2653,Trojans,TROY,Sun Belt,
2006,Tulane,2655,Green Wave,TULN,Conference USA,West
2006,Tulsa,202,Golden Hurricane,TLSA,Conference USA,West
2006,UAB,5,Blazers,UAB,Conference USA,East
2006,UCF,2116,Knights,UCF,Conference USA,East
2006,UCLA,26,Bruins,UCLA,Pac-10,
2006,UNLV,2439,Rebels,UNLV,Mountain West,
2006,USC,30,Trojans,USC,Pac-10,
2006,Utah,254,Utes,UTAH,Mountain West,
2006,Utah State,328,Aggies,USU,Western Athletic,
2006,UTEP,2638,Miners,UTEP,Conference USA,West
2006,Vanderbilt,238,Commodores,VAN,SEC,East
2006,Virginia,258,Cavaliers,UVA,ACC,Coastal
2006,Virginia Tech,259,Hokies,VT,ACC,Coastal
2006,Wake Forest,154,Demon Deacons,WAKE,ACC,Atlantic
2006,Washington,264,Huskies,WASH,Pac-10,
2006,Washington State,265,Cougars,WSU,Pac-10,
2006,Western Michigan,2711,Broncos,WMU,Mid-American,West
2006,West Virginia,277,Mountaineers,WVU,Big East,
2006,Wisconsin,275,Badgers,WIS,Big Ten,
2006,Wyoming,2751,Cowboys,WYO,Mountain West,
2007,Air Force,2005,Falcons,AFA,Mountain West,
2007,Akron,2006,Zips,AKR,Mid-American,East
2007,Alabama,333,Crimson Tide,ALA,SEC,West
2007,Arizona,12,Wildcats,ARIZ,Pac-10,
2007,Arizona State,9,Sun Devils,ASU,Pac-10,
2007,Arkansas,8,Razorbacks,ARK,SEC,West
2007,Arkansas State,2032,Red Wolves,ARST,Sun Belt,
2007,Army,349,Black Knights,ARMY,FBS Independents,
2007,Auburn,2,Tigers,AUB,SEC,West
2007,Ball State,2050,Cardinals,BALL,Mid-American,West
2007,Baylor,239,Bears,BAY,Big 12,South
2007,Boise State,68,Broncos,BSU,Western Athletic,
2007,Boston College,103,Eagles,BC,ACC,Atlantic
2007,Bowling Green,189,Falcons,BGSU,Mid-American,East
2007,Buffalo,2084,Bulls,BUFF,Mid-American,East
2007,BYU,252,Cougars,BYU,Mountain West,
2007,California,25,Golden Bears,CAL,Pac-10,
2007,Central Michigan,2117,Chippewas,CMU,Mid-American,West
2007,Cincinnati,2132,Bearcats,CIN,Big East,
2007,Clemson,228,Tigers,CLEM,ACC,Atlantic
2007,Colorado,38,Buffaloes,COLO,Big 12,North
2007,Colorado State,36,Rams,CSU,Mountain West,
2007,Connecticut,41,Huskies,CONN,Big East,
2007,Duke,150,Blue Devils,DUKE,ACC,Coastal
2007,East Carolina,151,Pirates,ECU,Conference USA,East
2007,Eastern Michigan,2199,Eagles,EMU,Mid-American,West
2007,Florida,57,Gators,FLA,SEC,East
2007,Florida Atlantic,2226,Owls,FAU,Sun Belt,
2007,Florida International,2229,Golden Panthers,FIU,Sun Belt,
2007,Florida State,52,Seminoles,FSU,ACC,Atlantic
2007,Fresno State,278,Bulldogs,FRES,Western Athletic,
2007,Georgia,61,Bulldogs,UGA,SEC,East
2007,Georgia Tech,59,Yellow Jackets,GT,ACC,Coastal
2007,Hawai'i,62,Rainbow Warriors,HAW,Western Athletic,
2007,Houston,248,Cougars,HOU,Conference USA,West
2007,Idaho,70,Vandals,IDHO,Western Athletic,
2007,Illinois,356,Fighting Illini,ILL,Big Ten,
2007,Indiana,84,Hoosiers,IND,Big Ten,
2007,Iowa,2294,Hawkeyes,IOWA,Big Ten,
2007,Iowa State,66,Cyclones,ISU,Big 12,North
2007,Kansas,2305,Jayhawks,KU,Big 12,North
2007,Kansas State,2306,Wildcats,KSU,Big 12,North
2007,Kent State,2309,Golden Flashes,KENT,Mid-American,East
2007,Kentucky,96,Wildcats,UK,SEC,East
2007,Louisiana,309,Ragin' Cajuns,ULL,Sun Belt,
2007,Louisiana Monroe,2433,Warhawks,ULM,Sun Belt,
2007,Louisiana Tech,2348,Bulldogs,LT,Western Athletic,
2007,Louisville,97,Cardinals,LOU,Big East,
2007,LSU,99,Tigers,LSU,SEC,West
2007,Marshall,276,Thundering Herd,MRSH,Conference USA,East
2007,Maryland,120,Terrapins,MD,ACC,Atlantic
2007,Memphis,235,Tigers,MEM,Conference USA,East
2007,Miami,2390,Hurricanes,MIAMI,ACC,Coastal
2007,Miami (OH),193,RedHawks,M-OH,Mid-American,East
2007,Michigan,130,Wolverines,MICH,Big Ten,
2007,Michigan State,127,Spartans,MSU,Big Ten,
2007,Middle Tennessee,2393,Blue Raiders,MTSU,Sun Belt,
2007,Minnesota,135,Golden Gophers,MINN,Big Ten,
2007,Mississippi State,344,Bulldogs,MSST,SEC,West
2007,Missouri,142,Tigers,MIZ,Big 12,North
2007,Navy,2426,Midshipmen,NAVY,FBS Independents,
2007,NC State,152,Wolfpack,NCST,ACC,Atlantic
2007,Nebraska,158,Cornhuskers,NEB,Big 12,North
2007,Nevada,2440,Wolf Pack,NEV,Western Athletic,
2007,New Mexico,167,Lobos,UNM,Mountain West,
2007,New Mexico State,166,Aggies,NMSU,Western Athletic,
2007,North Carolina,153,Tar Heels,UNC,ACC,Coastal
2007,Northern Illinois,2459,Huskies,NIU,Mid-American,West
2007,North Texas,249,Mean Green,UNT,Sun Belt,
2007,Northwestern,77,Wildcats,NW,Big Ten,
2007,Notre Dame,87,Fighting Irish,ND,FBS Independents,
2007,Ohio,195,Bobcats,OHIO,Mid-American,East
2007,Ohio State,194,Buckeyes,OSU,Big Ten,
2007,Oklahoma,201,Sooners,OKLA,Big 12,South
2007,Oklahoma State,197,Cowboys,OKST,Big 12,South
2007,Ole Miss,145,Rebels,MISS,SEC,West
2007,Oregon,2483,Ducks,ORE,Pac-10,
2007,Oregon State,204,Beavers,ORST,Pac-10,
2007,Penn State,213,Nittany Lions,PSU,Big Ten,
2007,Pittsburgh,221,Panthers,PITT,Big East,
2007,Purdue,2509,Boilermakers,PUR,Big Ten,
2007,Rice,242,Owls,RICE,Conference USA,West
2007,Rutgers,164,Scarlet Knights,RUTG,Big East,
2007,San Diego State,21,Aztecs,SDSU,Mountain West,
2007,San José State,23,Spartans,SJSU,Western Athletic,
2007,SMU,2567,Mustangs,SMU,Conference USA,West
2007,South Carolina,2579,Gamecocks,SC,SEC,East
2007,Southern Mississippi,2572,Golden Eagles,USM,Conference USA,East
2007,South Florida,58,Bulls,USF,Big East,
2007,Stanford,24,Cardinal,STAN,Pac-10,
2007,Syracuse,183,Orange,SYR,Big East,
2007,TCU,2628,Horned Frogs,TCU,Mountain West,
2007,Temple,218,Owls,TEM,Mid-American,East
2007,Tennessee,2633,Volunteers,TENN,SEC,East
2007,Texas,251,Longhorns,TEX,Big 12,South
2007,Texas A&M,245,Aggies,TA&M,Big 12,South
2007,Texas Tech,2641,Red Raiders,TTU,Big 12,South
2007,Toledo,2649,Rockets,TOL,Mid-American,West
2007,Troy,2653,Trojans,TROY,Sun Belt,
2007,Tulane,2655,Green Wave,TULN,Conference USA,West
2007,Tulsa,202,Golden Hurricane,TLSA,Conference USA,West
2007,UAB,5,Blazers,UAB,Conference USA,East
2007,UCF,2116,Knights,UCF,Conference USA,East
2007,UCLA,26,Bruins,UCLA,Pac-10,
2007,UNLV,2439,Rebels,UNLV,Mountain West,
2007,USC,30,Trojans,USC,Pac-10,
2007,Utah,254,Utes,UTAH,Mountain West,
2007,Utah State,328,Aggies,USU,Western Athletic,
2007,UTEP,2638,Miners,UTEP,Conference USA,West
2007,Vanderbilt,238,Commodores,VAN,SEC,East
2007,Virginia,258,Cavaliers,UVA,ACC,Coastal
2007,Virginia Tech,259,Hokies,VT,ACC,Coastal
2007,Wake Forest,154,Demon Deacons,WAKE,ACC,Atlantic
2007,Washington,264,Huskies,WASH,Pac-10,
2007,Washington State,265,Cougars,WSU,Pac-10,
2007,Western Kentucky,98,Hilltoppers,WKU,FBS Independents,
2007,Western Michigan,2711,Broncos,WMU,Mid-American,West
2007,West Virginia,277,Mountaineers,WVU,Big East,
2007,Wisconsin,275,Badgers,WIS,Big Ten,
2007,Wyoming,2751,Cowboys,WYO,Mountain West,
2008,Air Force,2005,Falcons,AFA,Mountain West,
2008,Akron,2006,Zips,AKR,Mid-American,East
2008,Alabama,333,Crimson Tide,ALA,SEC,West
2008,Arizona,12,Wildcats,ARIZ,Pac-10,
2008,Arizona State,9,Sun Devils,ASU,Pac-10,
2008,Arkansas,8,Razorbacks,ARK,SEC,West
2008,Arkansas State,2032,Red Wolves,ARST,Sun Belt,
2008,Army,349,Black Knights,ARMY,FBS Independents,
2008,Auburn,2,Tigers,AUB,SEC,West
2008,Ball State,2050,Cardinals,BALL,Mid-American,West
2008,Baylor,239,Bears,BAY,Big 12,South
2008,Boise State,68,Broncos,BSU,Western Athletic,
2008,Boston College,103,Eagles,BC,ACC,Atlantic
2008,Bowling Green,189,Falcons,BGSU,Mid-American,East
2008,Buffalo,2084,Bulls,BUFF,Mid-American,East
2008,BYU,252,Cougars,BYU,Mountain West,
2008,California,25,Golden Bears,CAL,Pac-10,
2008,Central Michigan,2117,Chippewas,CMU,Mid-American,West
2008,Cincinnati,2132,Bearcats,CIN,Big East,
2008,Clemson,228,Tigers,CLEM,ACC,Atlantic
2008,Colorado,38,Buffaloes,COLO,Big 12,North
2008,Colorado State,36,Rams,CSU,Mountain West,
2008,Connecticut,41,Huskies,CONN,Big East,
2008,Duke,150,Blue Devils,DUKE,ACC,Coastal
2008,East Carolina,151,Pirates,ECU,Conference USA,East
2008,Eastern Michigan,2199,Eagles,EMU,Mid-American,West
2008,Florida,57,Gators,FLA,SEC,East
2008,Florida Atlantic,2226,Owls,FAU,Sun Belt,
2008,Florida International,2229,Golden Panthers,FIU,Sun Belt,
2008,Florida State,52,Seminoles,FSU,ACC,Atlantic
2008,Fresno State,278,Bulldogs,FRES,Western Athletic,
2008,Georgia,61,Bulldogs,UGA,SEC,East
2008,Georgia Tech,59,Yellow Jackets,GT,ACC,Coastal
2008,Hawai'i,62,Rainbow Warriors,HAW,Western Athletic,
2008,Houston,248,Cougars,HOU,Conference USA,West
2008,Idaho,70,Vandals,IDHO,Western Athletic,
2008,Illinois,356,Fighting Illini,ILL,Big Ten,
2008,Indiana,84,Hoosiers,IND,Big Ten,
2008,Iowa,2294,Hawkeyes,IOWA,Big Ten,
2008,Iowa State,66,Cyclones,ISU,Big 12,North
2008,Kansas,2305,Jayhawks,KU,Big 12,North
2008,Kansas State,2306,Wildcats,KSU,Big 12,North
2008,Kent State,2309,Golden Flashes,KENT,Mid-American,East
2008,Kentucky,96,Wildcats,UK,SEC,East
2008,Louisiana,309,Ragin' Cajuns,ULL,Sun Belt,
2008,Louisiana Monroe,2433,Warhawks,ULM,Sun Belt,
2008,Louisiana Tech,2348,Bulldogs,LT,Western Athletic,
2008,Louisville,97,Cardinals,LOU,Big East,
2008,LSU,99,Tigers,LSU,SEC,West
2008,Marshall,276,Thundering Herd,MRSH,Conference USA,East
2008,Maryland,120,Terrapins,MD,ACC,Atlantic
2008,Memphis,235,Tigers,MEM,Conference USA,East
2008,Miami,2390,Hurricanes,MIAMI,ACC,Coastal
2008,Miami (OH),193,RedHawks,M-OH,Mid-American,East
2008,Michigan,130,Wolverines,MICH,Big Ten,
2008,Michigan State,127,Spartans,MSU,Big Ten,
2008,Middle Tennessee,2393,Blue Raiders,MTSU,Sun Belt,
2008,Minnesota,135,Golden Gophers,MINN,Big Ten,
2008,Mississippi State,344,Bulldogs,MSST,SEC,West
2008,Missouri,142,Tigers,MIZ,Big 12,North
2008,Navy,2426,Midshipmen,NAVY,FBS Independents,
2008,NC State,152,Wolfpack,NCST,ACC,Atlantic
2008,Nebraska,158,Cornhuskers,NEB,Big 12,North
2008,Nevada,2440,Wolf Pack,NEV,Western Athletic,
2008,New Mexico,167,Lobos,UNM,Mountain West,
2008,New Mexico State,166,Aggies,NMSU,Western Athletic,
2008,North Carolina,153,Tar Heels,UNC,ACC,Coastal
2008,Northern Illinois,2459,Huskies,NIU,Mid-American,West
2008,North Texas,249,Mean Green,UNT,Sun Belt,
2008,Northwestern,77,Wildcats,NW,Big Ten,
2008,Notre Dame,87,Fighting Irish,ND,FBS Independents,
2008,Ohio,195,Bobcats,OHIO,Mid-American,East
2008,Ohio State,194,Buckeyes,OSU,Big Ten,
2008,Oklahoma,201,Sooners,OKLA,Big 12,South
2008,Oklahoma State,197,Cowboys,OKST,Big 12,South
2008,Ole Miss,145,Rebels,MISS,SEC,West
2008,Oregon,2483,Ducks,ORE,Pac-10,
2008,Oregon State,204,Beavers,ORST,Pac-10,
2008,Penn State,213,Nittany Lions,PSU,Big Ten,
2008,Pittsburgh,221,Panthers,PITT,Big East,
2008,Purdue,2509,Boilermakers,PUR,Big Ten,
2008,Rice,242,Owls,RICE,Conference USA,West
2008,Rutgers,164,Scarlet Knights,RUTG,Big East,
2008,San Diego State,21,Aztecs,SDSU,Mountain West,
2008,San José State,23,Spartans,SJSU,Western Athletic,
2008,SMU,2567,Mustangs,SMU,Conference USA,West
2008,South Carolina,2579,Gamecocks,SC,SEC,East
2008,Southern Mississippi,2572,Golden Eagles,USM,Conference USA,East
2008,South Florida,58,Bulls,USF,Big East,
2008,Stanford,24,Cardinal,STAN,Pac-10,
2008,Syracuse,183,Orange,SYR,Big East,
2008,TCU,2628,Horned Frogs,TCU,Mountain West,
2008,Temple,218,Owls,TEM,Mid-American,East
2008,Tennessee,2633,Volunteers,TENN,SEC,East
2008,Texas,251,Longhorns,TEX,Big 12,South
2008,Texas A&M,245,Aggies,TA&M,Big 12,South
2008,Texas Tech,2641,Red Raiders,TTU,Big 12,South
2008,Toledo,2649,Rockets,TOL,Mid-American,West
2008,Troy,2653,Trojans,TROY,Sun Belt,
2008,Tulane,2655,Green Wave,TULN,Conference USA,West
2008,Tulsa,202,Golden Hurricane,TLSA,Conference USA,West
2008,UAB,5,Blazers,UAB,Conference USA,East
2008,UCF,2116,Knights,UCF,Conference USA,East
2008,UCLA,26,Bruins,UCLA,Pac-10,
2008,UNLV,2439,Rebels,UNLV,Mountain West,
2008,USC,30,Trojans,USC,Pac-10,
2008,Utah,254,Utes,UTAH,Mountain West,
2008,Utah State,328,Aggies,USU,Western Athletic,
2008,UTEP,2638,Miners,UTEP,Conference USA,West
2008,Vanderbilt,238,Commodores,VAN,SEC,East
2008,Virginia,258,Cavaliers,UVA,ACC,Coastal
2008,Virginia Tech,259,Hokies,VT,ACC,Coastal
2008,Wake Forest,154,Demon Deacons,WAKE,ACC,Atlantic
2008,Washington,264,Huskies,WASH,Pac-10,
2008,Washington State,265,Cougars,WSU,Pac-10,
2008,Western Kentucky,98,Hilltoppers,WKU,FBS Independents,
2008,Western Michigan,2711,Broncos,WMU,Mid-American,West
2008,West Virginia,277,Mountaineers,WVU,Big East,
2008,Wisconsin,275,Badgers,WIS,Big Ten,
2008,Wyoming,2751,Cowboys,WYO,Mountain West,
2009,Air Force,2005,Falcons,AFA,Mountain West,
2009,Akron,2006,Zips,AKR,Mid-American,East
2009,Alabama,333,Crimson Tide,ALA,SEC,West
2009,Arizona,12,Wildcats,ARIZ,Pac-10,
2009,Arizona State,9,Sun Devils,ASU,Pac-10,
2009,Arkansas,8,Razorbacks,ARK,SEC,West
2009,Arkansas State,2032,Red Wolves,ARST,Sun Belt,
2009,Army,349,Black Knights,ARMY,FBS Independents,
2009,Auburn,2,Tigers,AUB,SEC,West
2009,Ball State,2050,Cardinals,BALL,Mid-American,West
2009,Baylor,239,Bears,BAY,Big 12,South
2009,Boise State,68,Broncos,BSU,Western Athletic,
2009,Boston College,103,Eagles,BC,ACC,Atlantic
2009,Bowling Green,189,Falcons,BGSU,Mid-American,East
2009,Buffalo,2084,Bulls,BUFF,Mid-American,East
2009,BYU,252,Cougars,BYU,Mountain West,
2009,California,25,Golden Bears,CAL,Pac-10,
2009,Central Michigan,2117,Chippewas,CMU,Mid-American,West
2009,Cincinnati,2132,Bearcats,CIN,Big East,
2009,Clemson,228,Tigers,CLEM,ACC,Atlantic
2009,Colorado,38,Buffaloes,COLO,Big 12,North
2009,Colorado State,36,Rams,CSU,Mountain West,
2009,Connecticut,41,Huskies,CONN,Big East,
2009,Duke,150,Blue Devils,DUKE,ACC,Coastal
2009,East Carolina,151,Pirates,ECU,Conference USA,East
2009,Eastern Michigan,2199,Eagles,EMU,Mid-American,West
2009,Florida,57,Gators,FLA,SEC,East
2009,Florida Atlantic,2226,Owls,FAU,Sun Belt,
2009,Florida International,2229,Golden Panthers,FIU,Sun Belt,
2009,Florida State,52,Seminoles,FSU,ACC,Atlantic
2009,Fresno State,278,Bulldogs,FRES,Western Athletic,
2009,Georgia,61,Bulldogs,UGA,SEC,East
2009,Georgia Tech,59,Yellow Jackets,GT,ACC,Coastal
2009,Hawai'i,62,Rainbow Warriors,HAW,Western Athletic,
2009,Houston,248,Cougars,HOU,Conference USA,West
2009,Idaho,70,Vandals,IDHO,Western Athletic,
2009,Illinois,356,Fighting Illini,ILL,Big Ten,
2009,Indiana,84,Hoosiers,IND,Big Ten,
2009,Iowa,2294,Hawkeyes,IOWA,Big Ten,
2009,Iowa State,66,Cyclones,ISU,Big 12,North
2009,Kansas,2305,Jayhawks,KU,Big 12,North
2009,Kansas State,2306,Wildcats,KSU,Big 12,North
2009,Kent State,2309,Golden Flashes,KENT,Mid-American,East
2009,Kentucky,96,Wildcats,UK,SEC,East
2009,Louisiana,309,Ragin' Cajuns,ULL,Sun Belt,
2009,Louisiana Monroe,2433,Warhawks,ULM,Sun Belt,
2009,Louisiana Tech,2348,Bulldogs,LT,Western Athletic,
2009,Louisville,97,Cardinals,LOU,Big East,
2009,LSU,99,Tigers,LSU,SEC,West
2009,Marshall,276,Thundering Herd,MRSH,Conference USA,East
2009,Maryland,120,Terrapins,MD,ACC,Atlantic
2009,Memphis,235,Tigers,MEM,Conference USA,East
2009,Miami,2390,Hurricanes,MIAMI,ACC,Coastal
2009,Miami (OH),193,RedHawks,M-OH,Mid-American,East
2009,Michigan,130,Wolverines,MICH,Big Ten,
2009,Michigan State,127,Spartans,MSU,Big Ten,
2009,Middle Tennessee,2393,Blue Raiders,MTSU,Sun Belt,
2009,Minnesota,135,Golden Gophers,MINN,Big Ten,
2009,Mississippi State,344,Bulldogs,MSST,SEC,West
2009,Missouri,142,Tigers,MIZ,Big 12,North
2009,Navy,2426,Midshipmen,NAVY,FBS Independents,
2009,NC State,152,Wolfpack,NCST,ACC,Atlantic
2009,Nebraska,158,Cornhuskers,NEB,Big 12,North
2009,Nevada,2440,Wolf Pack,NEV,Western Athletic,
2009,New Mexico,167,Lobos,UNM,Mountain West,
2009,New Mexico State,166,Aggies,NMSU,Western Athletic,
2009,North Carolina,153,Tar Heels,UNC,ACC,Coastal
2009,Northern Illinois,2459,Huskies,NIU,Mid-American,West
2009,North Texas,249,Mean Green,UNT,Sun Belt,
2009,Northwestern,77,Wildcats,NW,Big Ten,
2009,Notre Dame,87,Fighting Irish,ND,FBS Independents,
2009,Ohio,195,Bobcats,OHIO,Mid-American,East
2009,Ohio State,194,Buckeyes,OSU,Big Ten,
2009,Oklahoma,201,Sooners,OKLA,Big 12,South
2009,Oklahoma State,197,Cowboys,OKST,Big 12,South
2009,Ole Miss,145,Rebels,MISS,SEC,West
2009,Oregon,2483,Ducks,ORE,Pac-10,
2009,Oregon State,204,Beavers,ORST,Pac-10,
2009,Penn State,213,Nittany Lions,PSU,Big Ten,
2009,Pittsburgh,221,Panthers,PITT,Big East,
2009,Purdue,2509,Boilermakers,PUR,Big Ten,
2009,Rice,242,Owls,RICE,Conference USA,West
2009,Rutgers,164,Scarlet Knights,RUTG,Big East,
2009,San Diego State,21,Aztecs,SDSU,Mountain West,
2009,San José State,23,Spartans,SJSU,Western Athletic,
2009,SMU,2567,Mustangs,SMU,Conference USA,West
2009,South Carolina,2579,Gamecocks,SC,SEC,East
2009,Southern Mississippi,2572,Golden Eagles,USM,Conference USA,East
2009,South Florida,58,Bulls,USF,Big East,
2009,Stanford,24,Cardinal,STAN,Pac-10,
2009,Syracuse,183,Orange,SYR,Big East,
2009,TCU,2628,Horned Frogs,TCU,Mountain West,
2009,Temple,218,Owls,TEM,Mid-American,East
2009,Tennessee,2633,Volunteers,TENN,SEC,East
2009,Texas,251,Longhorns,TEX,Big 12,South
2009,Texas A&M,245,Aggies,TA&M,Big 12,South
2009,Texas Tech,2641,Red Raiders,TTU,Big 12,South
2009,Toledo,2649,Rockets,TOL,Mid-American,West
2009,Troy,2653,Trojans,TROY,Sun Belt,
2009,Tulane,2655,Green Wave,TULN,Conference USA,West
2009,Tulsa,202,Golden Hurricane,TLSA,Conference USA,West
2009,UAB,5,Blazers,UAB,Conference USA,East
2009,UCF,2116,Knights,UCF,Conference USA,East
2009,UCLA,26,Bruins,UCLA,Pac-10,
2009,UNLV,2439,Rebels,UNLV,Mountain West,
2009,USC,30,Trojans,USC,Pac-10,
2009,Utah,254,Utes,UTAH,Mountain West,
2009,Utah State,328,Aggies,USU,Western Athletic,
2009,UTEP,2638,Miners,UTEP,Conference USA,West
2009,Vanderbilt,238,Commodores,VAN,SEC,East
2009,Virginia,258,Cavaliers,UVA,ACC,Coastal
2009,Virginia Tech,259,Hokies,VT,ACC,Coastal
2009,Wake Forest,154,Demon Deacons,WAKE,ACC,Atlantic
2009,Washington,264,Huskies,WASH,Pac-10,
2009,Washington State,265,Cougars,WSU,Pac-10,
2009,Western Kentucky,98,Hilltoppers,WKU,Sun Belt,
2009,Western Michigan,2711,Broncos,WMU,Mid-American,West
2009,West Virginia,277,Mountaineers,WVU,Big East,
2009,Wisconsin,275,Badgers,WIS,Big Ten,
2009,Wyoming,2751,Cowboys,WYO,Mountain West,
2010,Air Force,2005,Falcons,AFA,Mountain West,
2010,Akron,2006,Zips,AKR,Mid-American,East
2010,Alabama,333,Crimson Tide,ALA,SEC,West
2010,Arizona,12,Wildcats,ARIZ,Pac-10,
2010,Arizona State,9,Sun Devils,ASU,Pac-10,
2010,Arkansas,8,Razorbacks,ARK,SEC,West
2010,Arkansas State,2032,Red Wolves,ARST,Sun Belt,
2010,Army,349,Black Knights,ARMY,FBS Independents,
2010,Auburn,2,Tigers,AUB,SEC,West
2010,Ball State,2050,Cardinals,BALL,Mid-American,West
2010,Baylor,239,Bears,BAY,Big 12,South
2010,Boise State,68,Broncos,BSU,Western Athletic,
2010,Boston College,103,Eagles,BC,ACC,Atlantic
2010,Bowling Green,189,Falcons,BGSU,Mid-American,East
2010,Buffalo,2084,Bulls,BUFF,Mid-American,East
2010,BYU,252,Cougars,BYU,Mountain West,
2010,California,25,Golden Bears,CAL,Pac-10,
2010,Central Michigan,2117,Chippewas,CMU,Mid-American,West
2010,Cincinnati,2132,Bearcats,CIN,Big East,
2010,Clemson,228,Tigers,CLEM,ACC,Atlantic
2010,Colorado,38,Buffaloes,COLO,Big 12,North
2010,Colorado State,36,Rams,CSU,Mountain West,
2010,Connecticut,41,Huskies,CONN,Big East,
2010,Duke,150,Blue Devils,DUKE,ACC,Coastal
2010,East Carolina,151,Pirates,ECU,Conference USA,East
2010,Eastern Michigan,2199,Eagles,EMU,Mid-American,West
2010,Florida,57,Gators,FLA,SEC,East
2010,Florida Atlantic,2226,Owls,FAU,Sun Belt,
2010,Florida International,2229,Golden Panthers,FIU,Sun Belt,
2010,Florida State,52,Seminoles,FSU,ACC,Atlantic
2010,Fresno State,278,Bulldogs,FRES,Western Athletic,
2010,Georgia,61,Bulldogs,UGA,SEC,East
2010,Georgia Tech,59,Yellow Jackets,GT,ACC,Coastal
2010,Hawai'i,62,Rainbow Warriors,HAW,Western Athletic,
2010,Houston,248,Cougars,HOU,Conference USA,West
2010,Idaho,70,Vandals,IDHO,Western Athletic,
2010,Illinois,356,Fighting Illini,ILL,Big Ten,
2010,Indiana,84,Hoosiers,IND,Big Ten,
2010,Iowa,2294,Hawkeyes,IOWA,Big Ten,
2010,Iowa State,66,Cyclones,ISU,Big 12,North
2010,Kansas,2305,Jayhawks,KU,Big 12,North
2010,Kansas State,2306,Wildcats,KSU,Big 12,North
2010,Kent State,2309,Golden Flashes,KENT,Mid-American,East
2010,Kentucky,96,Wildcats,UK,SEC,East
2010,Louisiana,309,Ragin' Cajuns,ULL,Sun Belt,
2010,Louisiana Monroe,2433,Warhawks,ULM,Sun Belt,
2010,Louisiana Tech,2348,Bulldogs,LT,Western Athletic,
2010,Louisville,97,Cardinals,LOU,Big East,
2010,LSU,99,Tigers,LSU,SEC,West
2010,Marshall,276,Thundering Herd,MRSH,Conference USA,East
2010,Maryland,120,Terrapins,MD,ACC,Atlantic
2010,Memphis,235,Tigers,MEM,Conference USA,East
2010,Miami,2390,Hurricanes,MIAMI,ACC,Coastal
2010,Miami (OH),193,RedHawks,M-OH,Mid-American,East
2010,Michigan,130,Wolverines,MICH,Big Ten,
2010,Michigan State,127,Spartans,MSU,Big Ten,
2010,Middle Tennessee,2393,Blue Raiders,MTSU,Sun Belt,
2010,Minnesota,135,Golden Gophers,MINN,Big Ten,
2010,Mississippi State,344,Bulldogs,MSST,SEC,West
2010,Missouri,142,Tigers,MIZ,Big 12,North
2010,Navy,2426,Midshipmen,NAVY,FBS Independents,
2010,NC State,152,Wolfpack,NCST,ACC,Atlantic
2010,Nebraska,158,Cornhuskers,NEB,Big 12,North
2010,Nevada,2440,Wolf Pack,NEV,Western Athletic,
2010,New Mexico,167,Lobos,UNM,Mountain West,
2010,New Mexico State,166,Aggies,NMSU,Western Athletic,
2010,North Carolina,153,Tar Heels,UNC,ACC,Coastal
2010,Northern Illinois,2459,Huskies,NIU,Mid-American,West
2010,North Texas,249,Mean Green,UNT,Sun Belt,
2010,Northwestern,77,Wildcats,NW,Big Ten,
2010,Notre Dame,87,Fighting Irish,ND,FBS Independents,
2010,Ohio,195,Bobcats,OHIO,Mid-American,East
2010,Ohio State,194,Buckeyes,OSU,Big Ten,
2010,Oklahoma,201,Sooners,OKLA,Big 12,South
2010,Oklahoma State,197,Cowboys,OKST,Big 12,South
2010,Ole Miss,145,Rebels,MISS,SEC,West
2010,Oregon,2483,Ducks,ORE,Pac-10,
2010,Oregon State,204,Beavers,ORST,Pac-10,
2010,Penn State,213,Nittany Lions,PSU,Big Ten,
2010,Pittsburgh,221,Panthers,PITT,Big East,
2010,Purdue,2509,Boilermakers,PUR,Big Ten,
2010,Rice,242,Owls,RICE,Conference USA,West
2010,Rutgers,164,Scarlet Knights,RUTG,Big East,
2010,San Diego State,21,Aztecs,SDSU,Mountain West,
2010,San José State,23,Spartans,SJSU,Western Athletic,
2010,SMU,2567,Mustangs,SMU,Conference USA,West
2010,South Carolina,2579,Gamecocks,SC,SEC,East
2010,Southern Mississippi,2572,Golden Eagles,USM,Conference USA,East
2010,South Florida,58,Bulls,USF,Big East,
2010,Stanford,24,Cardinal,STAN,Pac-10,
2010,Syracuse,183,Orange,SYR,Big East,
2010,TCU,2628,Horned Frogs,TCU,Mountain West,
2010,Temple,218,Owls,TEM,Mid-American,East
2010,Tennessee,2633,Volunteers,TENN,SEC,East
2010,Texas,251,Longhorns,TEX,Big 12,South
2010,Texas A&M,245,Aggies,TA&M,Big 12,South
2010,Texas Tech,2641,Red Raiders,TTU,Big 12,South
2010,Toledo,2649,Rockets,TOL,Mid-American,West
2010,Troy,2653,Trojans,TROY,Sun Belt,
2010,Tulane,2655,Green Wave,TULN,Conference USA,West
2010,Tulsa,202,Golden Hurricane,TLSA,Conference USA,West
2010,UAB,5,Blazers,UAB,Conference USA,East
2010,UCF,2116,Knights,UCF,Conference USA,East
2010,UCLA,26,Bruins,UCLA,Pac-10,
2010,UNLV,2439,Rebels,UNLV,Mountain West,
2010,USC,30,Trojans,USC,Pac-10,
2010,Utah,254,Utes,UTAH,Mountain West,
2010,Utah State,328,Aggies,USU,Western Athletic,
2010,UTEP,2638,Miners,UTEP,Conference USA,West
2010,Vanderbilt,238,Commodores,VAN,SEC,East
2010,Virginia,258,Cavaliers,UVA,ACC,Coastal
2010,Virginia Tech,259,Hokies,VT,ACC,Coastal
2010,Wake Forest,154,Demon Deacons,WAKE,ACC,Atlantic
2010,Washington,264,Huskies,WASH,Pac-10,
2010,Washington State,265,Cougars,WSU,Pac-10,
2010,Western Kentucky,98,Hilltoppers,WKU,Sun Belt,
2010,Western Michigan,2711,Broncos,WMU,Mid-American,West
2010,West Virginia,277,Mountaineers,WVU,Big East,
2010,Wisconsin,275,Badgers,WIS,Big Ten,
2010,Wyoming,2751,Cowboys,WYO,Mountain West,
2011,Air Force,2005,Falcons,AFA,Mountain West,
2011,Akron,2006,Zips,AKR,Mid-American,East
2011,Alabama,333,Crimson Tide,ALA,SEC,West
2011,Arizona,12,Wildcats,ARIZ,Pac-12,South
2011,Arizona State,9,Sun Devils,ASU,Pac-12,South
2011,Arkansas,8,Razorbacks,ARK,SEC,West
2011,Arkansas State,2032,Red Wolves,ARST,Sun Belt,
2011,Army,349,Black Knights,ARMY,FBS Independents,
2011,Auburn,2,Tigers,AUB,SEC,West
2011,Ball State,2050,Cardinals,BALL,Mid-American,West
2011,Baylor,239,Bears,BAY,Big 12,
2011,Boise State,68,Broncos,BSU,Mountain West,
2011,Boston College,103,Eagles,BC,ACC,Atlantic
2011,Bowling Green,189,Falcons,BGSU,Mid-American,East
2011,Buffalo,2084,Bulls,BUFF,Mid-American,East
2011,BYU,252,Cougars,BYU,FBS Independents,
2011,California,25,Golden Bears,CAL,Pac-12,North
2011,Central Michigan,2117,Chippewas,CMU,Mid-American,West
2011,Cincinnati,2132,Bearcats,CIN,Big East,
2011,Clemson,228,Tigers,CLEM,ACC,Atlantic
2011,Colorado,38,Buffaloes,COLO,Pac-12,South
2011,Colorado State,36,Rams,CSU,Mountain West,
2011,Connecticut,41,Huskies,CONN,Big East,
2011,Duke,150,Blue Devils,DUKE,ACC,Coastal
2011,East Carolina,151,Pirates,ECU,Conference USA,East
2011,Eastern Michigan,2199,Eagles,EMU,Mid-American,West
2011,Florida,57,Gators,FLA,SEC,East
2011,Florida Atlantic,2226,Owls,FAU,Sun Belt,
2011,Florida International,2229,Golden Panthers,FIU,Sun Belt,
2011,Florida State,52,Seminoles,FSU,ACC,Atlantic
2011,Fresno State,278,Bulldogs,FRES,Western Athletic,
2011,Georgia,61,Bulldogs,UGA,SEC,East
2011,Georgia Tech,59,Yellow Jackets,GT,ACC,Coastal
2011,Hawai'i,62,Rainbow Warriors,HAW,Western Athletic,
2011,Houston,248,Cougars,HOU,Conference USA,West
2011,Idaho,70,Vandals,IDHO,Western Athletic,
2011,Illinois,356,Fighting Illini,ILL,Big Ten,Leaders
2011,Indiana,84,Hoosiers,IND,Big Ten,Leaders
2011,Iowa,2294,Hawkeyes,IOWA,Big Ten,Legends
2011,Iowa State,66,Cyclones,ISU,Big 12,
2011,Kansas,2305,Jayhawks,KU,Big 12,
2011,Kansas State,2306,Wildcats,KSU,Big 12,
2011,Kent State,2309,Golden Flashes,KENT,Mid-American,East
2011,Kentucky,96,Wildcats,UK,SEC,East
2011,Louisiana,309,Ragin' Cajuns,ULL,Sun Belt,
2011,Louisiana Monroe,2433,Warhawks,ULM,Sun Belt,
2011,Louisiana Tech,2348,Bulldogs,LT,Western Athletic,
2011,Louisville,97,Cardinals,LOU,Big East,
2011,LSU,99,Tigers,LSU,SEC,West
2011,Marshall,276,Thundering Herd,MRSH,Conference USA,East
2011,Maryland,120,Terrapins,MD,ACC,Atlantic
2011,Memphis,235,Tigers,MEM,Conference USA,East
2011,Miami,2390,Hurricanes,MIAMI,ACC,Coastal
2011,Miami (OH),193,RedHawks,M-OH,Mid-American,East
2011,Michigan,130,Wolverines,MICH,Big Ten,Legends
2011,Michigan State,127,Spartans,MSU,Big Ten,Legends
2011,Middle Tennessee,2393,Blue Raiders,MTSU,Sun Belt,
2011,Minnesota,135,Golden Gophers,MINN,Big Ten,Legends
2011,Mississippi State,344,Bulldogs,MSST,SEC,West
2011,Missouri,142,Tigers,MIZ,Big 12,
2011,Navy,2426,Midshipmen,NAVY,FBS Independents,
2011,NC State,152,Wolfpack,NCST,ACC,Atlantic
2011,Nebraska,158,Cornhuskers,NEB,Big Ten,Legends
2011,Nevada,2440,Wolf Pack,NEV,Western Athletic,
2011,New Mexico,167,Lobos,UNM,Mountain West,
2011,New Mexico State,166,Aggies,NMSU,Western Athletic,
2011,North Carolina,153,Tar Heels,UNC,ACC,Coastal
2011,Northern Illinois,2459,Huskies,NIU,Mid-American,West
2011,North Texas,249,Mean Green,UNT,Sun Belt,
2011,Northwestern,77,Wildcats,NW,Big Ten,Legends
2011,Notre Dame,87,Fighting Irish,ND,FBS Independents,
2011,Ohio,195,Bobcats,OHIO,Mid-American,East
2011,Ohio State,194,Buckeyes,OSU,Big Ten,Leaders
2011,Oklahoma,201,Sooners,OKLA,Big 12,
2011,Oklahoma State,197,Cowboys,OKST,Big 12,
2011,Ole Miss,145,Rebels,MISS,SEC,West
2011,Oregon,2483,Ducks,ORE,Pac-12,North
2011,Oregon State,204,Beavers,ORST,Pac-12,North
2011,Penn State,213,Nittany Lions,PSU,Big Ten,Leaders
2011,Pittsburgh,221,Panthers,PITT,Big East,
2011,Purdue,2509,Boilermakers,PUR,Big Ten,Leaders
2011,Rice,242,Owls,RICE,Conference USA,West
2011,Rutgers,164,Scarlet Knights,RUTG,Big East,
2011,San Diego State,21,Aztecs,SDSU,Mountain West,
2011,San José State,23,Spartans,SJSU,Western Athletic,
2011,SMU,2567,Mustangs,SMU,Conference USA,West
2011,South Carolina,2579,Gamecocks,SC,SEC,East
2011,Southern Mississippi,2572,Golden Eagles,USM,Conference USA,East
2011,South Florida,58,Bulls,USF,Big East,
2011,Stanford,24,Cardinal,STAN,Pac-12,North
2011,Syracuse,183,Orange,SYR,Big East,
2011,TCU,2628,Horned Frogs,TCU,Mountain West,
2011,Temple,218,Owls,TEM,Mid-American,East
2011,Tennessee,2633,Volunteers,TENN,SEC,East
2011,Texas,251,Longhorns,TEX,Big 12,
2011,Texas A&M,245,Aggies,TA&M,Big 12,
2011,Texas Tech,2641,Red Raiders,TTU,Big 12,
2011,Toledo,2649,Rockets,TOL,Mid-American,West
2011,Troy,2653,Trojans,TROY,Sun Belt,
2011,Tulane,2655,Green Wave,TULN,Conference USA,West
2011,Tulsa,202,Golden Hurricane,TLSA,Conference USA,West
2011,UAB,5,Blazers,UAB,Conference USA,East
2011,UCF,2116,Knights,UCF,Conference USA,East
2011,UCLA,26,Bruins,UCLA,Pac-12,South
2011,UNLV,2439,Rebels,UNLV,Mountain West,
2011,USC,30,Trojans,USC,Pac-12,South
2011,Utah,254,Utes,UTAH,Pac-12,South
2011,Utah State,328,Aggies,USU,Western Athletic,
2011,UTEP,2638,Miners,UTEP,Conference USA,West
2011,Vanderbilt,238,Commodores,VAN,SEC,East
2011,Virginia,258,Cavaliers,UVA,ACC,Coastal
2011,Virginia Tech,259,Hokies,VT,ACC,Coastal
2011,Wake Forest,154,Demon Deacons,WAKE,ACC,Atlantic
2011,Washington,264,Huskies,WASH,Pac-12,North
2011,Washington State,265,Cougars,WSU,Pac-12,North
2011,Western Kentucky,98,Hilltoppers,WKU,Sun Belt,
2011,Western Michigan,2711,Broncos,WMU,Mid-American,West
2011,West Virginia,277,Mountaineers,WVU,Big East,
2011,Wisconsin,275,Badgers,WIS,Big Ten,Leaders
2011,Wyoming,2751,Cowboys,WYO,Mountain West,
2012,Air Force,2005,Falcons,AFA,Mountain West,
2012,Akron,2006,Zips,AKR,Mid-American,East
2012,Alabama,333,Crimson Tide,ALA,SEC,West
2012,Arizona,12,Wildcats,ARIZ,Pac-12,South
2012,Arizona State,9,Sun Devils,ASU,Pac-12,South
2012,Arkansas,8,Razorbacks,ARK,SEC,West
2012,Arkansas State,2032,Red Wolves,ARST,Sun Belt,
2012,Army,349,Black Knights,ARMY,FBS Independents,
2012,Auburn,2,Tigers,AUB,SEC,West
2012,Ball State,2050,Cardinals,BALL,Mid-American,West
2012,Baylor,239,Bears,BAY,Big 12,
2012,Boise State,68,Broncos,BSU,Mountain West,
2012,Boston College,103,Eagles,BC,ACC,Atlantic
2012,Bowling Green,189,Falcons,BGSU,Mid-American,East
2012,Buffalo,2084,Bulls,BUFF,Mid-American,East
2012,BYU,252,Cougars,BYU,FBS Independents,
2012,California,25,Golden Bears,CAL,Pac-12,North
2012,Central Michigan,2117,Chippewas,CMU,Mid-American,West
2012,Cincinnati,2132,Bearcats,CIN,Big East,
2012,Clemson,228,Tigers,CLEM,ACC,Atlantic
2012,Colorado,38,Buffaloes,COLO,Pac-12,South
2012,Colorado State,36,Rams,CSU,Mountain West,
2012,Connecticut,41,Huskies,CONN,Big East,
2012,Duke,150,Blue Devils,DUKE,ACC,Coastal
2012,East Carolina,151,Pirates,ECU,Conference USA,East
2012,Eastern Michigan,2199,Eagles,EMU,Mid-American,West
2012,Florida,57,Gators,FLA,SEC,East
2012,Florida Atlantic,2226,Owls,FAU,Sun Belt,
2012,Florida International,2229,Golden Panthers,FIU,Sun Belt,
2012,Florida State,52,Seminoles,FSU,ACC,Atlantic
2012,Fresno State,278,Bulldogs,FRES,Mountain West,
2012,Georgia,61,Bulldogs,UGA,SEC,East
2012,Georgia Tech,59,Yellow Jackets,GT,ACC,Coastal
2012,Hawai'i,62,Rainbow Warriors,HAW,Mountain West,
2012,Houston,248,Cougars,HOU,Conference USA,West
2012,Idaho,70,Vandals,IDHO,Western Athletic,
2012,Illinois,356,Fighting Illini,ILL,Big Ten,Leaders
2012,Indiana,84,Hoosiers,IND,Big Ten,Leaders
2012,Iowa,2294,Hawkeyes,IOWA,Big Ten,Legends
2012,Iowa State,66,Cyclones,ISU,Big 12,
2012,Kansas,2305,Jayhawks,KU,Big 12,
2012,Kansas State,2306,Wildcats,KSU,Big 12,
2012,Kent State,2309,Golden Flashes,KENT,Mid-American,East
2012,Kentucky,96,Wildcats,UK,SEC,East
2012,Louisiana,309,Ragin' Cajuns,ULL,Sun Belt,
2012,Louisiana Monroe,2433,Warhawks,ULM,Sun Belt,
2012,Louisiana Tech,2348,Bulldogs,LT,Western Athletic,
2012,Louisville,97,Cardinals,LOU,Big East,
2012,LSU,99,Tigers,LSU,SEC,West
2012,Marshall,276,Thundering Herd,MRSH,Conference USA,East
2012,Maryland,120,Terrapins,MD,ACC,Atlantic
2012,Memphis,235,Tigers,MEM,Conference USA,East
2012,Miami,2390,Hurricanes,MIAMI,ACC,Coastal
2012,Miami (OH),193,RedHawks,M-OH,Mid-American,East
2012,Michigan,130,Wolverines,MICH,Big Ten,Legends
2012,Michigan State,127,Spartans,MSU,Big Ten,Legends
2012,Middle Tennessee,2393,Blue Raiders,MTSU,Sun Belt,
2012,Minnesota,135,Golden Gophers,MINN,Big Ten,Legends
2012,Mississippi State,344,Bulldogs,MSST,SEC,West
2012,Missouri,142,Tigers,MIZ,SEC,East
2012,Navy,2426,Midshipmen,NAVY,FBS Independents,
2012,NC State,152,Wolfpack,NCST,ACC,Atlantic
2012,Nebraska,158,Cornhuskers,NEB,Big Ten,Legends
2012,Nevada,2440,Wolf Pack,NEV,Mountain West,
2012,New Mexico,167,Lobos,UNM,Mountain West,
2012,New Mexico State,166,Aggies,NMSU,Western Athletic,
2012,North Carolina,153,Tar Heels,UNC,ACC,Coastal
2012,Northern Illinois,2459,Huskies,NIU,Mid-American,West
2012,North Texas,249,Mean Green,UNT,Sun Belt,
2012,Northwestern,77,Wildcats,NW,Big Ten,Legends
2012,Notre Dame,87,Fighting Irish,ND,FBS Independents,
2012,Ohio,195,Bobcats,OHIO,Mid-American,East
2012,Ohio State,194,Buckeyes,OSU,Big Ten,Leaders
2012,Oklahoma,201,Sooners,OKLA,Big 12,
2012,Oklahoma State,197,Cowboys,OKST,Big 12,
2012,Ole Miss,145,Rebels,MISS,SEC,West
2012,Oregon,2483,Ducks,ORE,Pac-12,North
2012,Oregon State,204,Beavers,ORST,Pac-12,North
2012,Penn State,213,Nittany Lions,PSU,Big Ten,Leaders
2012,Pittsburgh,221,Panthers,PITT,Big East,
2012,Purdue,2509,Boilermakers,PUR,Big Ten,Leaders
2012,Rice,242,Owls,RICE,Conference USA,West
2012,Rutgers,164,Scarlet Knights,RUTG,Big East,
2012,San Diego State,21,Aztecs,SDSU,Mountain West,
2012,San José State,23,Spartans,SJSU,Western Athletic,
2012,SMU,2567,Mustangs,SMU,Conference USA,West
2012,South Alabama,6,Jaguars,USA,Sun Belt,
2012,South Carolina,2579,Gamecocks,SC,SEC,East
2012,Southern Mississippi,2572,Golden Eagles,USM,Conference USA,East
2012,South Florida,58,Bulls,USF,Big East,
2012,Stanford,24,Cardinal,STAN,Pac-12,North
2012,Syracuse,183,Orange,SYR,Big East,
2012,TCU,2628,Horned Frogs,TCU,Big 12,
2012,Temple,218,Owls,TEM,Big East,
2012,Tennessee,2633,Volunteers,TENN,SEC,East
2012,Texas,251,Longhorns,TEX,Big 12,
2012,Texas A&M,245,Aggies,TA&M,SEC,West
2012,Texas State,326,Bobcats,TXST,Western Athletic,
2012,Texas Tech,2641,Red Raiders,TTU,Big 12,
2012,Toledo,2649,Rockets,TOL,Mid-American,West
2012,Troy,2653,Trojans,TROY,Sun Belt,
2012,Tulane,2655,Green Wave,TULN,Conference USA,West
2012,Tulsa,202,Golden Hurricane,TLSA,Conference USA,West
2012,UAB,5,Blazers,UAB,Conference USA,East
2012,UCF,2116,Knights,UCF,Conference USA,East
2012,UCLA,26,Bruins,UCLA,Pac-12,South
2012,UMass,113,Minutemen,UMASS,Mid-American,East
2012,UNLV,2439,Rebels,UNLV,Mountain West,
2012,USC,30,Trojans,USC,Pac-12,South
2012,Utah,254,Utes,UTAH,Pac-12,South
2012,Utah State,328,Aggies,USU,Western Athletic,
2012,UTEP,2638,Miners,UTEP,Conference USA,West
2012,UT San Antonio,2636,Roadrunners,UTSA,Western Athletic,
2012,Vanderbilt,238,Commodores,VAN,SEC,East
2012,Virginia,258,Cavaliers,UVA,ACC,Coastal
2012,Virginia Tech,259,Hokies,VT,ACC,Coastal
2012,Wake Forest,154,Demon Deacons,WAKE,ACC,Atlantic
2012,Washington,264,Huskies,WASH,Pac-12,North
2012,Washington State,265,Cougars,WSU,Pac-12,North
2012,Western Kentucky,98,Hilltoppers,WKU,Sun Belt,
2012,Western Michigan,2711,Broncos,WMU,Mid-American,West
2012,West Virginia,277,Mountaineers,WVU,Big 12,
2012,Wisconsin,275,Badgers,WIS,Big Ten,Leaders
2012,Wyoming,2751,Cowboys,WYO,Mountain West,
2013,Air Force,2005,Falcons,AFA,Mountain West,Mountain
2013,Akron,2006,Zips,AKR,Mid-American,East
2013,Alabama,333,Crimson Tide,ALA,SEC,West
2013,Arizona,12,Wildcats,ARIZ,Pac-12,South
2013,Arizona State,9,Sun Devils,ASU,Pac-12,South
2013,Arkansas,8,Razorbacks,ARK,SEC,West
2013,Arkansas State,2032,Red Wolves,ARST,Sun Belt,
2013,Army,349,Black Knights,ARMY,FBS Independents,
2013,Auburn,2,Tigers,AUB,SEC,West
2013,Ball State,2050,Cardinals,BALL,Mid-American,West
2013,Baylor,239,Bears,BAY,Big 12,
2013,Boise State,68,Broncos,BSU,Mountain West,Mountain
2013,Boston College,103,Eagles,BC,ACC,Atlantic
2013,Bowling Green,189,Falcons,BGSU,Mid-American,East
2013,Buffalo,2084,Bulls,BUFF,Mid-American,East
2013,BYU,252,Cougars,BYU,FBS Independents,
2013,California,25,Golden Bears,CAL,Pac-12,North
2013,Central Michigan,2117,Chippewas,CMU,Mid-American,West
2013,Cincinnati,2132,Bearcats,CIN,American Athletic,
2013,Clemson,228,Tigers,CLEM,ACC,Atlantic
2013,Colorado,38,Buffaloes,COLO,Pac-12,South
2013,Colorado State,36,Rams,CSU,Mountain West,Mountain
2013,Connecticut,41,Huskies,CONN,American Athletic,
2013,Duke,150,Blue Devils,DUKE,ACC,Coastal
2013,East Carolina,151,Pirates,ECU,Conference USA,East
2013,Eastern Michigan,2199,Eagles,EMU,Mid-American,West
2013,Florida,57,Gators,FLA,SEC,East
2013,Florida Atlantic,2226,Owls,FAU,Conference USA,East
2013,Florida International,2229,Golden Panthers,FIU,Conference USA,East
2013,Florida State,52,Seminoles,FSU,ACC,Atlantic
2013,Fresno State,278,Bulldogs,FRES,Mountain West,West
2013,Georgia,61,Bulldogs,UGA,SEC,East
2013,Georgia State,2247,Panthers,GAST,Sun Belt,
2013,Georgia Tech,59,Yellow Jackets,GT,ACC,Coastal
2013,Hawai'i,62,Rainbow Warriors,HAW,Mountain West,West
2013,Houston,248,Cougars,HOU,American Athletic,
2013,Idaho,70,Vandals,IDHO,FBS Independents,
2013,Illinois,356,Fighting Illini,ILL,Big Ten,Leaders
2013,Indiana,84,Hoosiers,IND,Big Ten,Leaders
2013,Iowa,2294,Hawkeyes,IOWA,Big Ten,Legends
2013,Iowa State,66,Cyclones,ISU,Big 12,
2013,Kansas,2305,Jayhawks,KU,Big 12,
2013,Kansas State,2306,Wildcats,KSU,Big 12,
2013,Kent State,2309,Golden Flashes,KENT,Mid-American,East
2013,Kentucky,96,Wildcats,UK,SEC,East
2013,Louisiana,309,Ragin' Cajuns,ULL,Sun Belt,
2013,Louisiana Monroe,2433,Warhawks,ULM,Sun Belt,
2013,Louisiana Tech,2348,Bulldogs,LT,Conference USA,West
2013,Louisville,97,Cardinals,LOU,American Athletic,
2013,LSU,99,Tigers,LSU,SEC,West
2013,Marshall,276,Thundering Herd,MRSH,Conference USA,East
2013,Maryland,120,Terrapins,MD,ACC,Atlantic
2013,Memphis,235,Tigers,MEM,American Athletic,
2013,Miami,2390,Hurricanes,MIAMI,ACC,Coastal
2013,Miami (OH),193,RedHawks,M-OH,Mid-American,East
2013,Michigan,130,Wolverines,MICH,Big Ten,Legends
2013,Michigan State,127,Spartans,MSU,Big Ten,Legends
2013,Middle Tennessee,2393,Blue Raiders,MTSU,Conference USA,East
2013,Minnesota,135,Golden Gophers,MINN,Big Ten,Legends
2013,Mississippi State,344,Bulldogs,MSST,SEC,West
2013,Missouri,142,Tigers,MIZ,SEC,East
2013,Navy,2426,Midshipmen,NAVY,FBS Independents,
2013,NC State,152,Wolfpack,NCST,ACC,Atlantic
2013,Nebraska,158,Cornhuskers,NEB,Big Ten,Legends
2013,Nevada,2440,Wolf Pack,NEV,Mountain West,West
2013,New Mexico,167,Lobos,UNM,Mountain West,Mountain
2013,New Mexico State,166,Aggies,NMSU,FBS Independents,
2013,North Carolina,153,Tar Heels,UNC,ACC,Coastal
2013,Northern Illinois,2459,Huskies,NIU,Mid-American,West
2013,North Texas,249,Mean Green,UNT,Conference USA,West
2013,Northwestern,77,Wildcats,NW,Big Ten,Legends
2013,Notre Dame,87,Fighting Irish,ND,FBS Independents,
2013,Ohio,195,Bobcats,OHIO,Mid-American,East
2013,Ohio State,194,Buckeyes,OSU,Big Ten,Leaders
2013,Oklahoma,201,Sooners,OKLA,Big 12,
2013,Oklahoma State,197,Cowboys,OKST,Big 12,
2013,Ole Miss,145,Rebels,MISS,SEC,West
2013,Oregon,2483,Ducks,ORE,Pac-12,North
2013,Oregon State,204,Beavers,ORST,Pac-12,North
2013,Penn State,213,Nittany Lions,PSU,Big Ten,Leaders
2013,Pittsburgh,221,Panthers,PITT,ACC,Coastal
2013,Purdue,2509,Boilermakers,PUR,Big Ten,Leaders
2013,Rice,242,Owls,RICE,Conference USA,West
2013,Rutgers,164,Scarlet Knights,RUTG,American Athletic,
2013,San Diego State,21,Aztecs,SDSU,Mountain West,West
2013,San José State,23,Spartans,SJSU,Mountain West,West
2013,SMU,2567,Mustangs,SMU,American Athletic,
2013,South Alabama,6,Jaguars,USA,Sun Belt,
2013,South Carolina,2579,Gamecocks,SC,SEC,East
2013,Southern Mississippi,2572,Golden Eagles,USM,Conference USA,East
2013,South Florida,58,Bulls,USF,American Athletic,
2013,Stanford,24,Cardinal,STAN,Pac-12,North
2013,Syracuse,183,Orange,SYR,ACC,Atlantic
2013,TCU,2628,Horned Frogs,TCU,Big 12,
2013,Temple,218,Owls,TEM,American Athletic,
2013,Tennessee,2633,Volunteers,TENN,SEC,East
2013,Texas,251,Longhorns,TEX,Big 12,
2013,Texas A&M,245,Aggies,TA&M,SEC,West
2013,Texas State,326,Bobcats,TXST,Sun Belt,
2013,Texas Tech,2641,Red Raiders,TTU,Big 12,
2013,Toledo,2649,Rockets,TOL,Mid-American,West
2013,Troy,2653,Trojans,TROY,Sun Belt,
2013,Tulane,2655,Green Wave,TULN,Conference USA,West
2013,Tulsa,202,Golden Hurricane,TLSA,Conference USA,West
2013,UAB,5,Blazers,UAB,Conference USA,East
2013,UCF,2116,Knights,UCF,American Athletic,
2013,UCLA,26,Bruins,UCLA,Pac-12,South
2013,UMass,113,Minutemen,UMASS,Mid-American,East
2013,UNLV,2439,Rebels,UNLV,Mountain West,West
2013,USC,30,Trojans,USC,Pac-12,South
2013,Utah,254,Utes,UTAH,Pac-12,South
2013,Utah State,328,Aggies,USU,Mountain West,Mountain
2013,UTEP,2638,Miners,UTEP,Conference USA,West
2013,UT San Antonio,2636,Roadrunners,UTSA,Conference USA,West
2013,Vanderbilt,238,Commodores,VAN,SEC,East
2013,Virginia,258,Cavaliers,UVA,ACC,Coastal
2013,Virginia Tech,259,Hokies,VT,ACC,Coastal
2013,Wake Forest,154,Demon Deacons,WAKE,ACC,Atlantic
2013,Washington,264,Huskies,WASH,Pac-12,North
2013,Washington State,265,Cougars,WSU,Pac-12,North
2013,Western Kentucky,98,Hilltoppers,WKU,Sun Belt,
2013,Western Michigan,2711,Broncos,WMU,Mid-American,West
2013,West Virginia,277,Mountaineers,WVU,Big 12,
2013,Wisconsin,275,Badgers,WIS,Big Ten,Leaders
2013,Wyoming,2751,Cowboys,WYO,Mountain West,Mountain
2014,Air Force,2005,Falcons,AFA,Mountain West,Mountain
2014,Akron,2006,Zips,AKR,Mid-American,East
2014,Alabama,333,Crimson Tide,ALA,SEC,West
2014,Appalachian State,2026,Mountaineers,APP,Sun Belt,
2014,Arizona,12,Wildcats,ARIZ,Pac-12,South
2014,Arizona State,9,Sun Devils,ASU,Pac-12,South
2014,Arkansas,8,Razorbacks,ARK,SEC,West
2014,Arkansas State,2032,Red Wolves,ARST,Sun Belt,
2014,Army,349,Black Knights,ARMY,FBS Independents,
2014,Auburn,2,Tigers,AUB,SEC,West
2014,Ball State,2050,Cardinals,BALL,Mid-American,West
2014,Baylor,239,Bears,BAY,Big 12,
2014,Boise State,68,Broncos,BSU,Mountain West,Mountain
2014,Boston College,103,Eagles,BC,ACC,Atlantic
2014,Bowling Green,189,Falcons,BGSU,Mid-American,East
2014,Buffalo,2084,Bulls,BUFF,Mid-American,East
2014,BYU,252,Cougars,BYU,FBS Independents,
2014,California,25,Golden Bears,CAL,Pac-12,North
2014,Central Michigan,2117,Chippewas,CMU,Mid-American,West
2014,Cincinnati,2132,Bearcats,CIN,American Athletic,
2014,Clemson,228,Tigers,CLEM,ACC,Atlantic
2014,Colorado,38,Buffaloes,COLO,Pac-12,South
2014,Colorado State,36,Rams,CSU,Mountain West,Mountain
2014,Connecticut,41,Huskies,CONN,American Athletic,
2014,Duke,150,Blue Devils,DUKE,ACC,Coastal
2014,East Carolina,151,Pirates,ECU,American Athletic,
2014,Eastern Michigan,2199,Eagles,EMU,Mid-American,West
2014,Florida,57,Gators,FLA,SEC,East
2014,Florida Atlantic,2226,Owls,FAU,Conference USA,East
2014,Florida International,2229,Golden Panthers,FIU,Conference USA,East
2014,Florida State,52,Seminoles,FSU,ACC,Atlantic
2014,Fresno State,278,Bulldogs,FRES,Mountain West,West
2014,Georgia,61,Bulldogs,UGA,SEC,East
2014,Georgia Southern,290,Eagles,GASO,Sun Belt,
2014,Georgia State,2247,Panthers,GAST,Sun Belt,
2014,Georgia Tech,59,Yellow Jackets,GT,ACC,Coastal
2014,Hawai'i,62,Rainbow Warriors,HAW,Mountain West,West
2014,Houston,248,Cougars,HOU,American Athletic,
2014,Idaho,70,Vandals,IDHO,Sun Belt,
2014,Illinois,356,Fighting Illini,ILL,Big Ten,West
2014,Indiana,84,Hoosiers,IND,Big Ten,East
2014,Iowa,2294,Hawkeyes,IOWA,Big Ten,West
2014,Iowa State,66,Cyclones,ISU,Big 12,
2014,Kansas,2305,Jayhawks,KU,Big 12,
2014,Kansas State,2306,Wildcats,KSU,Big 12,
2014,Kent State,2309,Golden Flashes,KENT,Mid-American,East
2014,Kentucky,96,Wildcats,UK,SEC,East
2014,Louisiana,309,Ragin' Cajuns,ULL,Sun Belt,
2014,Louisiana Monroe,2433,Warhawks,ULM,Sun Belt,
2014,Louisiana Tech,2348,Bulldogs,LT,Conference USA,West
2014,Louisville,97,Cardinals,LOU,ACC,Atlantic
2014,LSU,99,Tigers,LSU,SEC,West
2014,Marshall,276,Thundering Herd,MRSH,Conference USA,East
2014,Maryland,120,Terrapins,MD,Big Ten,East
2014,Memphis,235,Tigers,MEM,American Athletic,
2014,Miami,2390,Hurricanes,MIAMI,ACC,Coastal
2014,Miami (OH),193,RedHawks,M-OH,Mid-American,East
2014,Michigan,130,Wolverines,MICH,Big Ten,East
2014,Michigan State,127,Spartans,MSU,Big Ten,East
2014,Middle Tennessee,2393,Blue Raiders,MTSU,Conference USA,East
2014,Minnesota,135,Golden Gophers,MINN,Big Ten,West
2014,Mississippi State,344,Bulldogs,MSST,SEC,West
2014,Missouri,142,Tigers,MIZ,SEC,East
2014,Navy,2426,Midshipmen,NAVY,FBS Independents,
2014,NC State,152,Wolfpack,NCST,ACC,Atlantic
2014,Nebraska,158,Cornhuskers,NEB,Big Ten,West
2014,Nevada,2440,Wolf Pack,NEV,Mountain West,West
2014,New Mexico,167,Lobos,UNM,Mountain West,Mountain
2014,New Mexico State,166,Aggies,NMSU,Sun Belt,
2014,North Carolina,153,Tar Heels,UNC,ACC,Coastal
2014,Northern Illinois,2459,Huskies,NIU,Mid-American,West
2014,North Texas,249,Mean Green,UNT,Conference USA,West
2014,Northwestern,77,Wildcats,NW,Big Ten,West
2014,Notre Dame,87,Fighting Irish,ND,FBS Independents,
2014,Ohio,195,Bobcats,OHIO,Mid-American,East
2014,Ohio State,194,Buckeyes,OSU,Big Ten,East
2014,Oklahoma,201,Sooners,OKLA,Big 12,
2014,Oklahoma State,197,Cowboys,OKST,Big 12,
2014,Old Dominion,295,Monarchs,ODU,Conference USA,East
2014,Ole Miss,145,Rebels,MISS,SEC,West
2014,Oregon,2483,Ducks,ORE,Pac-12,North
2014,Oregon State,204,Beavers,ORST,Pac-12,North
2014,Penn State,213,Nittany Lions,PSU,Big Ten,East
2014,Pittsburgh,221,Panthers,PITT,ACC,Coastal
2014,Purdue,2509,Boilermakers,PUR,Big Ten,West
2014,Rice,242,Owls,RICE,Conference USA,West
2014,Rutgers,164,Scarlet Knights,RUTG,Big Ten,East
2014,San Diego State,21,Aztecs,SDSU,Mountain West,West
2014,San José State,23,Spartans,SJSU,Mountain West,West
2014,SMU,2567,Mustangs,SMU,American Athletic,
2014,South Alabama,6,Jaguars,USA,Sun Belt,
2014,South Carolina,2579,Gamecocks,SC,SEC,East
2014,Southern Mississippi,2572,Golden Eagles,USM,Conference USA,West
2014,South Florida,58,Bulls,USF,American Athletic,
2014,Stanford,24,Cardinal,STAN,Pac-12,North
2014,Syracuse,183,Orange,SYR,ACC,Atlantic
2014,TCU,2628,Horned Frogs,TCU,Big 12,
2014,Temple,218,Owls,TEM,American Athletic,
2014,Tennessee,2633,Volunteers,TENN,SEC,East
2014,Texas,251,Longhorns,TEX,Big 12,
2014,Texas A&M,245,Aggies,TA&M,SEC,West
2014,Texas State,326,Bobcats,TXST,Sun Belt,
2014,Texas Tech,2641,Red Raiders,TTU,Big 12,
2014,Toledo,2649,Rockets,TOL,Mid-American,West
2014,Troy,2653,Trojans,TROY,Sun Belt,
2014,Tulane,2655,Green Wave,TULN,American Athletic,
2014,Tulsa,202,Golden Hurricane,TLSA,American Athletic,
2014,UAB,5,Blazers,UAB,Conference USA,East
2014,UCF,2116,Knights,UCF,American Athletic,
2014,UCLA,26,Bruins,UCLA,Pac-12,South
2014,UMass,113,Minutemen,UMASS,Mid-American,East
2014,UNLV,2439,Rebels,UNLV,Mountain West,West
2014,USC,30,Trojans,USC,Pac-12,South
2014,Utah,254,Utes,UTAH,Pac-12,South
2014,Utah State,328,Aggies,USU,Mountain West,Mountain
2014,UTEP,2638,Miners,UTEP,Conference USA,West
2014,UT San Antonio,2636,Roadrunners,UTSA,Conference USA,West
2014,Vanderbilt,238,Commodores,VAN,SEC,East
2014,Virginia,258,Cavaliers,UVA,ACC,Coastal
2014,Virginia Tech,259,Hokies,VT,ACC,Coastal
2014,Wake Forest,154,Demon Deacons,WAKE,ACC,Atlantic
2014,Washington,264,Huskies,WASH,Pac-12,North
2014,Washington State,265,Cougars,WSU,Pac-12,North
2014,Western Kentucky,98,Hilltoppers,WKU,Conference USA,East
2014,Western Michigan,2711,Broncos,WMU,Mid-American,West
2014,West Virginia,277,Mountaineers,WVU,Big 12,
2014,Wisconsin,275,Badgers,WIS,Big Ten,West
2014,Wyoming,2751,Cowboys,WYO,Mountain West,Mountain
2015,Air Force,2005,Falcons,AFA,Mountain West,Mountain
2015,Akron,2006,Zips,AKR,Mid-American,East
2015,Alabama,333,Crimson Tide,ALA,SEC,West
2015,Appalachian State,2026,Mountaineers,APP,Sun Belt,
2015,Arizona,12,Wildcats,ARIZ,Pac-12,South
2015,Arizona State,9,Sun Devils,ASU,Pac-12,South
2015,Arkansas,8,Razorbacks,ARK,SEC,West
2015,Arkansas State,2032,Red Wolves,ARST,Sun Belt,
2015,Army,349,Black Knights,ARMY,FBS Independents,
2015,Auburn,2,Tigers,AUB,SEC,West
2015,Ball State,2050,Cardinals,BALL,Mid-American,West
2015,Baylor,239,Bears,BAY,Big 12,
2015,Boise State,68,Broncos,BSU,Mountain West,Mountain
2015,Boston College,103,Eagles,BC,ACC,Atlantic
2015,Bowling Green,189,Falcons,BGSU,Mid-American,East
2015,Buffalo,2084,Bulls,BUFF,Mid-American,East
2015,BYU,252,Cougars,BYU,FBS Independents,
2015,California,25,Golden Bears,CAL,Pac-12,North
2015,Central Michigan,2117,Chippewas,CMU,Mid-American,West
2015,Charlotte,2429,49ers,CHAR,Conference USA,East
2015,Cincinnati,2132,Bearcats,CIN,American Athletic,East
2015,Clemson,228,Tigers,CLEM,ACC,Atlantic
2015,Colorado,38,Buffaloes,COLO,Pac-12,South
2015,Colorado State,36,Rams,CSU,Mountain West,Mountain
2015,Connecticut,41,Huskies,CONN,American Athletic,East
2015,Duke,150,Blue Devils,DUKE,ACC,Coastal
2015,East Carolina,151,Pirates,ECU,American Athletic,East
2015,Eastern Michigan,2199,Eagles,EMU,Mid-American,West
2015,Florida,57,Gators,FLA,SEC,East
2015,Florida Atlantic,2226,Owls,FAU,Conference USA,East
2015,Florida International,2229,Golden Panthers,FIU,Conference USA,East
2015,Florida State,52,Seminoles,FSU,ACC,Atlantic
2015,Fresno State,278,Bulldogs,FRES,Mountain West,West
2015,Georgia,61,Bulldogs,UGA,SEC,East
2015,Georgia Southern,290,Eagles,GASO,Sun Belt,
2015,Georgia State,2247,Panthers,GAST,Sun Belt,
2015,Georgia Tech,59,Yellow Jackets,GT,ACC,Coastal
2015,Hawai'i,62,Rainbow Warriors,HAW,Mountain West,West
2015,Houston,248,Cougars,HOU,American Athletic,West
2015,Idaho,70,Vandals,IDHO,Sun Belt,
2015,Illinois,356,Fighting Illini,ILL,Big Ten,West
2015,Indiana,84,Hoosiers,IND,Big Ten,East
2015,Iowa,2294,Hawkeyes,IOWA,Big Ten,West
2015,Iowa State,66,Cyclones,ISU,Big 12,
2015,Kansas,2305,Jayhawks,KU,Big 12,
2015,Kansas State,2306,Wildcats,KSU,Big 12,
2015,Kent State,2309,Golden Flashes,KENT,Mid-American,East
2015,Kentucky,96,Wildcats,UK,SEC,East
2015,Louisiana,309,Ragin' Cajuns,ULL,Sun Belt,
2015,Louisiana Monroe,2433,Warhawks,ULM,Sun Belt,
2015,Louisiana Tech,2348,Bulldogs,LT,Conference USA,West
2015,Louisville,97,Cardinals,LOU,ACC,Atlantic
2015,LSU,99,Tigers,LSU,SEC,West
2015,Marshall,276,Thundering Herd,MRSH,Conference USA,East
2015,Maryland,120,Terrapins,MD,Big Ten,East
2015,Memphis,235,Tigers,MEM,American Athletic,West
2015,Miami,2390,Hurricanes,MIAMI,ACC,Coastal
2015,Miami (OH),193,RedHawks,M-OH,Mid-American,East
2015,Michigan,130,Wolverines,MICH,Big Ten,East
2015,Michigan State,127,Spartans,MSU,Big Ten,East
2015,Middle Tennessee,2393,Blue Raiders,MTSU,Conference USA,East
2015,Minnesota,135,Golden Gophers,MINN,Big Ten,West
2015,Mississippi State,344,Bulldogs,MSST,SEC,West
2015,Missouri,142,Tigers,MIZ,SEC,East
2015,Navy,2426,Midshipmen,NAVY,American Athletic,West
2015,NC State,152,Wolfpack,NCST,ACC,Atlantic
2015,Nebraska,158,Cornhuskers,NEB,Big Ten,West
2015,Nevada,2440,Wolf Pack,NEV,Mountain West,West
2015,New Mexico,167,Lobos,UNM,Mountain West,Mountain
2015,New Mexico State,166,Aggies,NMSU,Sun Belt,
2015,North Carolina,153,Tar Heels,UNC,ACC,Coastal
2015,Northern Illinois,2459,Huskies,NIU,Mid-American,West
2015,North Texas,249,Mean Green,UNT,Conference USA,West
2015,Northwestern,77,Wildcats,NW,Big Ten,West
2015,Notre Dame,87,Fighting Irish,ND,FBS Independents,
2015,Ohio,195,Bobcats,OHIO,Mid-American,East
2015,Ohio State,194,Buckeyes,OSU,Big Ten,East
2015,Oklahoma,201,Sooners,OKLA,Big 12,
2015,Oklahoma State,197,Cowboys,OKST,Big 12,
2015,Old Dominion,295,Monarchs,ODU,Conference USA,East
2015,Ole Miss,145,Rebels,MISS,SEC,West
2015,Oregon,2483,Ducks,ORE,Pac-12,North
2015,Oregon State,204,Beavers,ORST,Pac-12,North
2015,Penn State,213,Nittany Lions,PSU,Big Ten,East
2015,Pittsburgh,221,Panthers,PITT,ACC,Coastal
2015,Purdue,2509,Boilermakers,PUR,Big Ten,West
2015,Rice,242,Owls,RICE,Conference USA,West
2015,Rutgers,164,Scarlet Knights,RUTG,Big Ten,East
2015,San Diego State,21,Aztecs,SDSU,Mountain West,West
2015,San José State,23,Spartans,SJSU,Mountain West,West
2015,SMU,2567,Mustangs,SMU,American Athletic,West
2015,South Alabama,6,Jaguars,USA,Sun Belt,
2015,South Carolina,2579,Gamecocks,SC,SEC,East
2015,Southern Mississippi,2572,Golden Eagles,USM,Conference USA,West
2015,South Florida,58,Bulls,USF,American Athletic,East
2015,Stanford,24,Cardinal,STAN,Pac-12,North
2015,Syracuse,183,Orange,SYR,ACC,Atlantic
2015,TCU,2628,Horned Frogs,TCU,Big 12,
2015,Temple,218,Owls,TEM,American Athletic,East
2015,Tennessee,2633,Volunteers,TENN,SEC,East
2015,Texas,251,Longhorns,TEX,Big 12,
2015,Texas A&M,245,Aggies,TA&M,SEC,West
2015,Texas State,326,Bobcats,TXST,Sun Belt,
2015,Texas Tech,2641,Red Raiders,TTU,Big 12,
2015,Toledo,2649,Rockets,TOL,Mid-American,West
2015,Troy,2653,Trojans,TROY,Sun Belt,
2015,Tulane,2655,Green Wave,TULN,American Athletic,West
2015,Tulsa,202,Golden Hurricane,TLSA,American Athletic,West
2015,UCF,2116,Knights,UCF,American Athletic,East
2015,UCLA,26,Bruins,UCLA,Pac-12,South
2015,UMass,113,Minutemen,UMASS,Mid-American,East
2015,UNLV,2439,Rebels,UNLV,Mountain West,West
2015,USC,30,Trojans,USC,Pac-12,South
2015,Utah,254,Utes,UTAH,Pac-12,South
2015,Utah State,328,Aggies,USU,Mountain West,Mountain
2015,UTEP,2638,Miners,UTEP,Conference USA,West
2015,UT San Antonio,2636,Roadrunners,UTSA,Conference USA,West
2015,Vanderbilt,238,Commodores,VAN,SEC,East
2015,Virginia,258,Cavaliers,UVA,ACC,Coastal
2015,Virginia Tech,259,Hokies,VT,ACC,Coastal
2015,Wake Forest,154,Demon Deacons,WAKE,ACC,Atlantic
2015,Washington,264,Huskies,WASH,Pac-12,North
2015,Washington State,265,Cougars,WSU,Pac-12,North
2015,Western Kentucky,98,Hilltoppers,WKU,Conference USA,East
2015,Western Michigan,2711,Broncos,WMU,Mid-American,West
2015,West Virginia,277,Mountaineers,WVU,Big 12,
2015,Wisconsin,275,Badgers,WIS,Big Ten,West
2015,Wyoming,2751,Cowboys,WYO,Mountain West,Mountain
2016,Air Force,2005,Falcons,AFA,Mountain West,Mountain
2016,Akron,2006,Zips,AKR,Mid-American,East
2016,Alabama,333,Crimson Tide,ALA,SEC,West
2016,Appalachian State,2026,Mountaineers,APP,Sun Belt,
2016,Arizona,12,Wildcats,ARIZ,Pac-12,South
2016,Arizona State,9,Sun Devils,ASU,Pac-12,South
2016,Arkansas,8,Razorbacks,ARK,SEC,West
2016,Arkansas State,2032,Red Wolves,ARST,Sun Belt,
2016,Army,349,Black Knights,ARMY,FBS Independents,
2016,Auburn,2,Tigers,AUB,SEC,West
2016,Ball State,2050,Cardinals,BALL,Mid-American,West
2016,Baylor,239,Bears,BAY,Big 12,
2016,Boise State,68,Broncos,BSU,Mountain West,Mountain
2016,Boston College,103,Eagles,BC,ACC,Atlantic
2016,Bowling Green,189,Falcons,BGSU,Mid-American,East
2016,Buffalo,2084,Bulls,BUFF,Mid-American,East
2016,BYU,252,Cougars,BYU,FBS Independents,
2016,California,25,Golden Bears,CAL,Pac-12,North
2016,Central Michigan,2117,Chippewas,CMU,Mid-American,West
2016,Charlotte,2429,49ers,CHAR,Conference USA,East
2016,Cincinnati,2132,Bearcats,CIN,American Athletic,East
2016,Clemson,228,Tigers,CLEM,ACC,Atlantic
2016,Colorado,38,Buffaloes,COLO,Pac-12,South
2016,Colorado State,36,Rams,CSU,Mountain West,Mountain
2016,Connecticut,41,Huskies,CONN,American Athletic,East
2016,Duke,150,Blue Devils,DUKE,ACC,Coastal
2016,East Carolina,151,Pirates,ECU,American Athletic,East
2016,Eastern Michigan,2199,Eagles,EMU,Mid-American,West
2016,Florida,57,Gators,FLA,SEC,East
2016,Florida Atlantic,2226,Owls,FAU,Conference USA,East
2016,Florida International,2229,Golden Panthers,FIU,Conference USA,East
2016,Florida State,52,Seminoles,FSU,ACC,Atlantic
2016,Fresno State,278,Bulldogs,FRES,Mountain West,West
2016,Georgia,61,Bulldogs,UGA,SEC,East
2016,Georgia Southern,290,Eagles,GASO,Sun Belt,
2016,Georgia State,2247,Panthers,GAST,Sun Belt,
2016,Georgia Tech,59,Yellow Jackets,GT,ACC,Coastal
2016,Hawai'i,62,Rainbow Warriors,HAW,Mountain West,West
2016,Houston,248,Cougars,HOU,American Athletic,West
2016,Idaho,70,Vandals,IDHO,Sun Belt,
2016,Illinois,356,Fighting Illini,ILL,Big Ten,West
2016,Indiana,84,Hoosiers,IND,Big Ten,East
2016,Iowa,2294,Hawkeyes,IOWA,Big Ten,West
2016,Iowa State,66,Cyclones,ISU,Big 12,
2016,Kansas,2305,Jayhawks,KU,Big 12,
2016,Kansas State,2306,Wildcats,KSU,Big 12,
2016,Kent State,2309,Golden Flashes,KENT,Mid-American,East
2016,Kentucky,96,Wildcats,UK,SEC,East
2016,Louisiana,309,Ragin' Cajuns,ULL,Sun Belt,
2016,Louisiana Monroe,2433,Warhawks,ULM,Sun Belt,
2016,Louisiana Tech,2348,Bulldogs,LT,Conference USA,West
2016,Louisville,97,Cardinals,LOU,ACC,Atlantic
2016,LSU,99,Tigers,LSU,SEC,West
2016,Marshall,276,Thundering Herd,MRSH,Conference USA,East
2016,Maryland,120,Terrapins,MD,Big Ten,East
2016,Memphis,235,Tigers,MEM,American Athletic,West
2016,Miami,2390,Hurricanes,MIAMI,ACC,Coastal
2016,Miami (OH),193,RedHawks,M-OH,Mid-American,East
2016,Michigan,130,Wolverines,MICH,Big Ten,East
2016,Michigan State,127,Spartans,MSU,Big Ten,East
2016,Middle Tennessee,2393,Blue Raiders,MTSU,Conference USA,East
2016,Minnesota,135,Golden Gophers,MINN,Big Ten,West
2016,Mississippi State,344,Bulldogs,MSST,SEC,West
2016,Missouri,142,Tigers,MIZ,SEC,East
2016,Navy,2426,Midshipmen,NAVY,American Athletic,West
2016,NC State,152,Wolfpack,NCST,ACC,Atlantic
2016,Nebraska,158,Cornhuskers,NEB,Big Ten,West
2016,Nevada,2440,Wolf Pack,NEV,Mountain West,West
2016,New Mexico,167,Lobos,UNM,Mountain West,Mountain
2016,New Mexico State,166,Aggies,NMSU,Sun Belt,
2016,North Carolina,153,Tar Heels,UNC,ACC,Coastal
2016,Northern Illinois,2459,Huskies,NIU,Mid-American,West
2016,North Texas,249,Mean Green,UNT,Conference USA,West
2016,Northwestern,77,Wildcats,NW,Big Ten,West
2016,Notre Dame,87,Fighting Irish,ND,FBS Independents,
2016,Ohio,195,Bobcats,OHIO,Mid-American,East
2016,Ohio State,194,Buckeyes,OSU,Big Ten,East
2016,Oklahoma,201,Sooners,OKLA,Big 12,
2016,Oklahoma State,197,Cowboys,OKST,Big 12,
2016,Old Dominion,295,Monarchs,ODU,Conference USA,East
2016,Ole Miss,145,Rebels,MISS,SEC,West
2016,Oregon,2483,Ducks,ORE,Pac-12,North
2016,Oregon State,204,Beavers,ORST,Pac-12,North
2016,Penn State,213,Nittany Lions,PSU,Big Ten,East
2016,Pittsburgh,221,Panthers,PITT,ACC,Coastal
2016,Purdue,2509,Boilermakers,PUR,Big Ten,West
2016,Rice,242,Owls,RICE,Conference USA,West
2016,Rutgers,164,Scarlet Knights,RUTG,Big Ten,East
2016,San Diego State,21,Aztecs,SDSU,Mountain West,West
2016,San José State,23,Spartans,SJSU,Mountain West,West
2016,SMU,2567,Mustangs,SMU,American Athletic,West
2016,South Alabama,6,Jaguars,USA,Sun Belt,
2016,South Carolina,2579,Gamecocks,SC,SEC,East
2016,Southern Mississippi,2572,Golden Eagles,USM,Conference USA,West
2016,South Florida,58,Bulls,USF,American Athletic,East
2016,Stanford,24,Cardinal,STAN,Pac-12,North
2016,Syracuse,183,Orange,SYR,ACC,Atlantic
2016,TCU,2628,Horned Frogs,TCU,Big 12,
2016,Temple,218,Owls,TEM,American Athletic,East
2016,Tennessee,2633,Volunteers,TENN,SEC,East
2016,Texas,251,Longhorns,TEX,Big 12,
2016,Texas A&M,245,Aggies,TA&M,SEC,West
2016,Texas State,326,Bobcats,TXST,Sun Belt,
2016,Texas Tech,2641,Red Raiders,TTU,Big 12,
2016,Toledo,2649,Rockets,TOL,Mid-American,West
2016,Troy,2653,Trojans,TROY,Sun Belt,
2016,Tulane,2655,Green Wave,TULN,American Athletic,West
2016,Tulsa,202,Golden Hurricane,TLSA,American Athletic,West
2016,UCF,2116,Knights,UCF,American Athletic,East
2016,UCLA,26,Bruins,UCLA,Pac-12,South
2016,UMass,113,Minutemen,UMASS,FBS Independents,
2016,UNLV,2439,Rebels,UNLV,Mountain West,West
2016,USC,30,Trojans,USC,Pac-12,South
2016,Utah,254,Utes,UTAH,Pac-12,South
2016,Utah State,328,Aggies,USU,Mountain West,Mountain
2016,UTEP,2638,Miners,UTEP,Conference USA,West
2016,UT San Antonio,2636,Roadrunners,UTSA,Conference USA,West
2016,Vanderbilt,238,Commodores,VAN,SEC,East
2016,Virginia,258,Cavaliers,UVA,ACC,Coastal
2016,Virginia Tech,259,Hokies,VT,ACC,Coastal
2016,Wake Forest,154,Demon Deacons,WAKE,ACC,Atlantic
2016,Washington,264,Huskies,WASH,Pac-12,North
2016,Washington State,265,Cougars,WSU,Pac-12,North
2016,Western Kentucky,98,Hilltoppers,WKU,Conference USA,East
2016,Western Michigan,2711,Broncos,WMU,Mid-American,West
2016,West Virginia,277,Mountaineers,WVU,Big 12,
2016,Wisconsin,275,Badgers,WIS,Big Ten,West
2016,Wyoming,2751,Cowboys,WYO,Mountain West,Mountain
2017,Air Force,2005,Falcons,AFA,Mountain West,Mountain
2017,Akron,2006,Zips,AKR,Mid-American,East
2017,Alabama,333,Crimson Tide,ALA,SEC,West
2017,Appalachian State,2026,Mountaineers,APP,Sun Belt,
2017,Arizona,12,Wildcats,ARIZ,Pac-12,South
2017,Arizona State,9,Sun Devils,ASU,Pac-12,South
2017,Arkansas,8,Razorbacks,ARK,SEC,West
2017,Arkansas State,2032,Red Wolves,ARST,Sun Belt,
2017,Army,349,Black Knights,ARMY,FBS Independents,
2017,Auburn,2,Tigers,AUB,SEC,West
2017,Ball State,2050,Cardinals,BALL,Mid-American,West
2017,Baylor,239,Bears,BAY,Big 12,
2017,Boise State,68,Broncos,BSU,Mountain West,Mountain
2017,Boston College,103,Eagles,BC,ACC,Atlantic
2017,Bowling Green,189,Falcons,BGSU,Mid-American,East
2017,Buffalo,2084,Bulls,BUFF,Mid-American,East
2017,BYU,252,Cougars,BYU,FBS Independents,
2017,California,25,Golden Bears,CAL,Pac-12,North
2017,Central Michigan,2117,Chippewas,CMU,Mid-American,West
2017,Charlotte,2429,49ers,CHAR,Conference USA,East
2017,Cincinnati,2132,Bearcats,CIN,American Athletic,East
2017,Clemson,228,Tigers,CLEM,ACC,Atlantic
2017,Coastal Carolina,324,Chanticleers,CCU,Sun Belt,
2017,Colorado,38,Buffaloes,COLO,Pac-12,South
2017,Colorado State,36,Rams,CSU,Mountain West,Mountain
2017,Connecticut,41,Huskies,CONN,American Athletic,East
2017,Duke,150,Blue Devils,DUKE,ACC,Coastal
2017,East Carolina,151,Pirates,ECU,American Athletic,East
2017,Eastern Michigan,2199,Eagles,EMU,Mid-American,West
2017,Florida,57,Gators,FLA,SEC,East
2017,Florida Atlantic,2226,Owls,FAU,Conference USA,East
2017,Florida International,2229,Golden Panthers,FIU,Conference USA,East
2017,Florida State,52,Seminoles,FSU,ACC,Atlantic
2017,Fresno State,278,Bulldogs,FRES,Mountain West,West
2017,Georgia,61,Bulldogs,UGA,SEC,East
2017,Georgia Southern,290,Eagles,GASO,Sun Belt,
2017,Georgia State,2247,Panthers,GAST,Sun Belt,
2017,Georgia Tech,59,Yellow Jackets,GT,ACC,Coastal
2017,Hawai'i,62,Rainbow Warriors,HAW,Mountain West,West
2017,Houston,248,Cougars,HOU,American Athletic,West
2017,Idaho,70,Vandals,IDHO,Sun Belt,
2017,Illinois,356,Fighting Illini,ILL,Big Ten,West
2017,Indiana,84,Hoosiers,IND,Big Ten,East
2017,Iowa,2294,Hawkeyes,IOWA,Big Ten,West
2017,Iowa State,66,Cyclones,ISU,Big 12,
2017,Kansas,2305,Jayhawks,KU,Big 12,
2017,Kansas State,2306,Wildcats,KSU,Big 12,
2017,Kent State,2309,Golden Flashes,KENT,Mid-American,East
2017,Kentucky,96,Wildcats,UK,SEC,East
2017,Louisiana,309,Ragin' Cajuns,ULL,Sun Belt,
2017,Louisiana Monroe,2433,Warhawks,ULM,Sun Belt,
2017,Louisiana Tech,2348,Bulldogs,LT,Conference USA,West
2017,Louisville,97,Cardinals,LOU,ACC,Atlantic
2017,LSU,99,Tigers,LSU,SEC,West
2017,Marshall,276,Thundering Herd,MRSH,Conference USA,East
2017,Maryland,120,Terrapins,MD,Big Ten,East
2017,Memphis,235,Tigers,MEM,American Athletic,West
2017,Miami,2390,Hurricanes,MIAMI,ACC,Coastal
2017,Miami (OH),193,RedHawks,M-OH,Mid-American,East
2017,Michigan,130,Wolverines,MICH,Big Ten,East
2017,Michigan State,127,Spartans,MSU,Big Ten,East
2017,Middle Tennessee,2393,Blue Raiders,MTSU,Conference USA,East
2017,Minnesota,135,Golden Gophers,MINN,Big Ten,West
2017,Mississippi State,344,Bulldogs,MSST,SEC,West
2017,Missouri,142,Tigers,MIZ,SEC,East
2017,Navy,2426,Midshipmen,NAVY,American Athletic,West
2017,NC State,152,Wolfpack,NCST,ACC,Atlantic
2017,Nebraska,158,Cornhuskers,NEB,Big Ten,West
2017,Nevada,2440,Wolf Pack,NEV,Mountain West,West
2017,New Mexico,167,Lobos,UNM,Mountain West,Mountain
2017,New Mexico State,166,Aggies,NMSU,Sun Belt,
2017,North Carolina,153,Tar Heels,UNC,ACC,Coastal
2017,Northern Illinois,2459,Huskies,NIU,Mid-American,West
2017,North Texas,249,Mean Green,UNT,Conference USA,West
2017,Northwestern,77,Wildcats,NW,Big Ten,West
2017,Notre Dame,87,Fighting Irish,ND,FBS Independents,
2017,Ohio,195,Bobcats,OHIO,Mid-American,East
2017,Ohio State,194,Buckeyes,OSU,Big Ten,East
2017,Oklahoma,201,Sooners,OKLA,Big 12,
2017,Oklahoma State,197,Cowboys,OKST,Big 12,
2017,Old Dominion,295,Monarchs,ODU,Conference USA,East
2017,Ole Miss,145,Rebels,MISS,SEC,West
2017,Oregon,2483,Ducks,ORE,Pac-12,North
2017,Oregon State,204,Beavers,ORST,Pac-12,North
2017,Penn State,213,Nittany Lions,PSU,Big Ten,East
2017,Pittsburgh,221,Panthers,PITT,ACC,Coastal
2017,Purdue,2509,Boilermakers,PUR,Big Ten,West
2017,Rice,242,Owls,RICE,Conference USA,West
2017,Rutgers,164,Scarlet Knights,RUTG,Big Ten,East
2017,San Diego State,21,Aztecs,SDSU,Mountain West,West
2017,San José State,23,Spartans,SJSU,Mountain West,West
2017,SMU,2567,Mustangs,SMU,American Athletic,West
2017,South Alabama,6,Jaguars,USA,Sun Belt,
2017,South Carolina,2579,Gamecocks,SC,SEC,East
2017,Southern Mississippi,2572,Golden Eagles,USM,Conference USA,West
2017,South Florida,58,Bulls,USF,American Athletic,East
2017,Stanford,24,Cardinal,STAN,Pac-12,North
2017,Syracuse,183,Orange,SYR,ACC,Atlantic
2017,TCU,2628,Horned Frogs,TCU,Big 12,
2017,Temple,218,Owls,TEM,American Athletic,East
2017,Tennessee,2633,Volunteers,TENN,SEC,East
2017,Texas,251,Longhorns,TEX,Big 12,
2017,Texas A&M,245,Aggies,TA&M,SEC,West
2017,Texas State,326,Bobcats,TXST,Sun Belt,
2017,Texas Tech,2641,Red Raiders,TTU,Big 12,
2017,Toledo,2649,Rockets,TOL,Mid-American,West
2017,Troy,2653,Trojans,TROY,Sun Belt,
2017,Tulane,2655,Green Wave,TULN,American Athletic,West
2017,Tulsa,202,Golden Hurricane,TLSA,American Athletic,West
2017,UAB,5,Blazers,UAB,Conference USA,West
2017,UCF,2116,Knights,UCF,American Athletic,East
2017,UCLA,26,Bruins,UCLA,Pac-12,South
2017,UMass,113,Minutemen,UMASS,FBS Independents,
2017,UNLV,2439,Rebels,UNLV,Mountain West,West
2017,USC,30,Trojans,USC,Pac-12,South
2017,Utah,254,Utes,UTAH,Pac-12,South
2017,Utah State,328,Aggies,USU,Mountain West,Mountain
2017,UTEP,2638,Miners,UTEP,Conference USA,West
2017,UT San Antonio,2636,Roadrunners,UTSA,Conference USA,West
2017,Vanderbilt,238,Commodores,VAN,SEC,East
2017,Virginia,258,Cavaliers,UVA,ACC,Coastal
2017,Virginia Tech,259,Hokies,VT,ACC,Coastal
2017,Wake Forest,154,Demon Deacons,WAKE,ACC,Atlantic
2017,Washington,264,Huskies,WASH,Pac-12,North
2017,Washington State,265,Cougars,WSU,Pac-12,North
2017,Western Kentucky,98,Hilltoppers,WKU,Conference USA,East
2017,Western Michigan,2711,Broncos,WMU,Mid-American,West
2017,West Virginia,277,Mountaineers,WVU,Big 12,
2017,Wisconsin,275,Badgers,WIS,Big Ten,West
2017,Wyoming,2751,Cowboys,WYO,Mountain West,Mountain
2018,Air Force,2005,Falcons,AFA,Mountain West,Mountain
2018,Akron,2006,Zips,AKR,Mid-American,East
2018,Alabama,333,Crimson Tide,ALA,SEC,West
2018,Appalachian State,2026,Mountaineers,APP,Sun Belt,
2018,Arizona,12,Wildcats,ARIZ,Pac-12,South
2018,Arizona State,9,Sun Devils,ASU,Pac-12,South
2018,Arkansas,8,Razorbacks,ARK,SEC,West
2018,Arkansas State,2032,Red Wolves,ARST,Sun Belt,
2018,Army,349,Black Knights,ARMY,FBS Independents,
2018,Auburn,2,Tigers,AUB,SEC,West
2018,Ball State,2050,Cardinals,BALL,Mid-American,West
2018,Baylor,239,Bears,BAY,Big 12,
2018,Boise State,68,Broncos,BSU,Mountain West,Mountain
2018,Boston College,103,Eagles,BC,ACC,Atlantic
2018,Bowling Green,189,Falcons,BGSU,Mid-American,East
2018,Buffalo,2084,Bulls,BUFF,Mid-American,East
2018,BYU,252,Cougars,BYU,FBS Independents,
2018,California,25,Golden Bears,CAL,Pac-12,North
2018,Central Michigan,2117,Chippewas,CMU,Mid-American,West
2018,Charlotte,2429,49ers,CHAR,Conference USA,East
2018,Cincinnati,2132,Bearcats,CIN,American Athletic,East
2018,Clemson,228,Tigers,CLEM,ACC,Atlantic
2018,Coastal Carolina,324,Chanticleers,CCU,Sun Belt,
2018,Colorado,38,Buffaloes,COLO,Pac-12,South
2018,Colorado State,36,Rams,CSU,Mountain West,Mountain
2018,Connecticut,41,Huskies,CONN,American Athletic,East
2018,Duke,150,Blue Devils,DUKE,ACC,Coastal
2018,East Carolina,151,Pirates,ECU,American Athletic,East
2018,Eastern Michigan,2199,Eagles,EMU,Mid-American,West
2018,Florida,57,Gators,FLA,SEC,East
2018,Florida Atlantic,2226,Owls,FAU,Conference USA,East
2018,Florida International,2229,Golden Panthers,FIU,Conference USA,East
2018,Florida State,52,Seminoles,FSU,ACC,Atlantic
2018,Fresno State,278,Bulldogs,FRES,Mountain West,West
2018,Georgia,61,Bulldogs,UGA,SEC,East
2018,Georgia Southern,290,Eagles,GASO,Sun Belt,
2018,Georgia State,2247,Panthers,GAST,Sun Belt,
2018,Georgia Tech,59,Yellow Jackets,GT,ACC,Coastal
2018,Hawai'i,62,Rainbow Warriors,HAW,Mountain West,West
2018,Houston,248,Cougars,HOU,American Athletic,West
2018,Illinois,356,Fighting Illini,ILL,Big Ten,West
2018,Indiana,84,Hoosiers,IND,Big Ten,East
2018,Iowa,2294,Hawkeyes,IOWA,Big Ten,West
2018,Iowa State,66,Cyclones,ISU,Big 12,
2018,Kansas,2305,Jayhawks,KU,Big 12,
2018,Kansas State,2306,Wildcats,KSU,Big 12,
2018,Kent State,2309,Golden Flashes,KENT,Mid-American,East
2018,Kentucky,96,Wildcats,UK,SEC,East
2018,Liberty,2335,Flames,LIB,FBS Independents,
2018,Louisiana,309,Ragin' Cajuns,ULL,Sun Belt,
2018,Louisiana Monroe,2433,Warhawks,ULM,Sun Belt,
2018,Louisiana Tech,2348,Bulldogs,LT,Conference USA,West
2018,Louisville,97,Cardinals,LOU,ACC,Atlantic
2018,LSU,99,Tigers,LSU,SEC,West
2018,Marshall,276,Thundering Herd,MRSH,Conference USA,East
2018,Maryland,120,Terrapins,MD,Big Ten,East
2018,Memphis,235,Tigers,MEM,American Athletic,West
2018,Miami,2390,Hurricanes,MIAMI,ACC,Coastal
2018,Miami (OH),193,RedHawks,M-OH,Mid-American,East
2018,Michigan,130,Wolverines,MICH,Big Ten,East
2018,Michigan State,127,Spartans,MSU,Big Ten,East
2018,Middle Tennessee,2393,Blue Raiders,MTSU,Conference USA,East
2018,Minnesota,135,Golden Gophers,MINN,Big Ten,West
2018,Mississippi State,344,Bulldogs,MSST,SEC,West
2018,Missouri,142,Tigers,MIZ,SEC,East
2018,Navy,2426,Midshipmen,NAVY,American Athletic,West
2018,NC State,152,Wolfpack,NCST,ACC,Atlantic
2018,Nebraska,158,Cornhuskers,NEB,Big Ten,West
2018,Nevada,2440,Wolf Pack,NEV,Mountain West,West
2018,New Mexico,167,Lobos,UNM,Mountain West,Mountain
2018,New Mexico State,166,Aggies,NMSU,FBS Independents,
2018,North Carolina,153,Tar Heels,UNC,ACC,Coastal
2018,Northern Illinois,2459,Huskies,NIU,Mid-American,West
2018,North Texas,249,Mean Green,UNT,Conference USA,West
2018,Northwestern,77,Wildcats,NW,Big Ten,West
2018,Notre Dame,87,Fighting Irish,ND,FBS Independents,
2018,Ohio,195,Bobcats,OHIO,Mid-American,East
2018,Ohio State,194,Buckeyes,OSU,Big Ten,East
2018,Oklahoma,201,Sooners,OKLA,Big 12,
2018,Oklahoma State,197,Cowboys,OKST,Big 12,
2018,Old Dominion,295,Monarchs,ODU,Conference USA,East
2018,Ole Miss,145,Rebels,MISS,SEC,West
2018,Oregon,2483,Ducks,ORE,Pac-12,North
2018,Oregon State,204,Beavers,ORST,Pac-12,North
2018,Penn State,213,Nittany Lions,PSU,Big Ten,East
2018,Pittsburgh,221,Panthers,PITT,ACC,Coastal
2018,Purdue,2509,Boilermakers,PUR,Big Ten,West
2018,Rice,242,Owls,RICE,Conference USA,West
2018,Rutgers,164,Scarlet Knights,RUTG,Big Ten,East
2018,San Diego State,21,Aztecs,SDSU,Mountain West,West
2018,San José State,23,Spartans,SJSU,Mountain West,West
2018,SMU,2567,Mustangs,SMU,American Athletic,West
2018,South Alabama,6,Jaguars,USA,Sun Belt,
2018,South Carolina,2579,Gamecocks,SC,SEC,East
2018,Southern Mississippi,2572,Golden Eagles,USM,Conference USA,West
2018,South Florida,58,Bulls,USF,American Athletic,East
2018,Stanford,24,Cardinal,STAN,Pac-12,North
2018,Syracuse,183,Orange,SYR,ACC,Atlantic
2018,TCU,2628,Horned Frogs,TCU,Big 12,
2018,Temple,218,Owls,TEM,American Athletic,East
2018,Tennessee,2633,Volunteers,TENN,SEC,East
2018,Texas,251,Longhorns,TEX,Big 12,
2018,Texas A&M,245,Aggies,TA&M,SEC,West
2018,Texas State,326,Bobcats,TXST,Sun Belt,
2018,Texas Tech,2641,Red Raiders,TTU,Big 12,
2018,Toledo,2649,Rockets,TOL,Mid-American,West
2018,Troy,2653,Trojans,TROY,Sun Belt,
2018,Tulane,2655,Green Wave,TULN,American Athletic,West
2018,Tulsa,202,Golden Hurricane,TLSA,American Athletic,West
2018,UAB,5,Blazers,UAB,Conference USA,West
2018,UCF,2116,Knights,UCF,American Athletic,East
2018,UCLA,26,Bruins,UCLA,Pac-12,South
2018,UMass,113,Minutemen,UMASS,FBS Independents,
2018,UNLV,2439,Rebels,UNLV,Mountain West,West
2018,USC,30,Trojans,USC,Pac-12,South
2018,Utah,254,Utes,UTAH,Pac-12,South
2018,Utah State,328,Aggies,USU,Mountain West,Mountain
2018,UTEP,2638,Miners,UTEP,Conference USA,West
2018,UT San Antonio,2636,Roadrunners,UTSA,Conference USA,West
2018,Vanderbilt,238,Commodores,VAN,SEC,East
2018,Virginia,258,Cavaliers,UVA,ACC,Coastal
2018,Virginia Tech,259,Hokies,VT,ACC,Coastal
2018,Wake Forest,154,Demon Deacons,WAKE,ACC,Atlantic
2018,Washington,264,Huskies,WASH,Pac-12,North
2018,Washington State,265,Cougars,WSU,Pac-12,North
2018,Western Kentucky,98,Hilltoppers,WKU,Conference USA,East
2018,Western Michigan,2711,Broncos,WMU,Mid-American,West
2018,West Virginia,277,Mountaineers,WVU,Big 12,
2018,Wisconsin,275,Badgers,WIS,Big Ten,West
2018,Wyoming,2751,Cowboys,WYO,Mountain West,Mountain
2019,Air Force,2005,Falcons,AFA,Mountain West,Mountain
2019,Akron,2006,Zips,AKR,Mid-American,East
2019,Alabama,333,Crimson Tide,ALA,SEC,West
2019,Appalachian State,2026,Mountaineers,APP,Sun Belt,
2019,Arizona,12,Wildcats,ARIZ,Pac-12,South
2019,Arizona State,9,Sun Devils,ASU,Pac-12,South
2019,Arkansas,8,Razorbacks,ARK,SEC,West
2019,Arkansas State,2032,Red Wolves,ARST,Sun Belt,
2019,Army,349,Black Knights,ARMY,FBS Independents,
2019,Auburn,2,Tigers,AUB,SEC,West
2019,Ball State,2050,Cardinals,BALL,Mid-American,West
2019,Baylor,239,Bears,BAY,Big 12,
2019,Boise State,68,Broncos,BSU,Mountain West,Mountain
2019,Boston College,103,Eagles,BC,ACC,Atlantic
2019,Bowling Green,189,Falcons,BGSU,Mid-American,East
2019,Buffalo,2084,Bulls,BUFF,Mid-American,East
2019,BYU,252,Cougars,BYU,FBS Independents,
2019,California,25,Golden Bears,CAL,Pac-12,North
2019,Central Michigan,2117,Chippewas,CMU,Mid-American,West
2019,Charlotte,2429,49ers,CHAR,Conference USA,East
2019,Cincinnati,2132,Bearcats,CIN,American Athletic,East
2019,Clemson,228,Tigers,CLEM,ACC,Atlantic
2019,Coastal Carolina,324,Chanticleers,CCU,Sun Belt,
2019,Colorado,38,Buffaloes,COLO,Pac-12,South
2019,Colorado State,36,Rams,CSU,Mountain West,Mountain
2019,Connecticut,41,Huskies,CONN,American Athletic,East
2019,Duke,150,Blue Devils,DUKE,ACC,Coastal
2019,East Carolina,151,Pirates,ECU,American Athletic,East
2019,Eastern Michigan,2199,Eagles,EMU,Mid-American,West
2019,Florida,57,Gators,FLA,SEC,East
2019,Florida Atlantic,2226,Owls,FAU,Conference USA,East
2019,Florida International,2229,Golden Panthers,FIU,Conference USA,East
2019,Florida State,52,Seminoles,FSU,ACC,Atlantic
2019,Fresno State,278,Bulldogs,FRES,Mountain West,West
2019,Georgia,61,Bulldogs,UGA,SEC,East
2019,Georgia Southern,290,Eagles,GASO,Sun Belt,
2019,Georgia State,2247,Panthers,GAST,Sun Belt,
2019,Georgia Tech,59,Yellow Jackets,GT,ACC,Coastal
2019,Hawai'i,62,Rainbow Warriors,HAW,Mountain West,West
2019,Houston,248,Cougars,HOU,American Athletic,West
2019,Illinois,356,Fighting Illini,ILL,Big Ten,West
2019,Indiana,84,Hoosiers,IND,Big Ten,East
2019,Iowa,2294,Hawkeyes,IOWA,Big Ten,West
2019,Iowa State,66,Cyclones,ISU,Big 12,
2019,Kansas,2305,Jayhawks,KU,Big 12,
2019,Kansas State,2306,Wildcats,KSU,Big 12,
2019,Kent State,2309,Golden Flashes,KENT,Mid-American,East
2019,Kentucky,96,Wildcats,UK,SEC,East
2019,Liberty,2335,Flames,LIB,FBS Independents,
2019,Louisiana,309,Ragin' Cajuns,ULL,Sun Belt,
2019,Louisiana Monroe,2433,Warhawks,ULM,Sun Belt,
2019,Louisiana Tech,2348,Bulldogs,LT,Conference USA,West
2019,Louisville,97,Cardinals,LOU,ACC,Atlantic
2019,LSU,99,Tigers,LSU,SEC,West
2019,Marshall,276,Thundering Herd,MRSH,Conference USA,East
2019,Maryland,120,Terrapins,MD,Big Ten,East
2019,Memphis,235,Tigers,MEM,American Athletic,West
2019,Miami,2390,Hurricanes,MIAMI,ACC,Coastal
2019,Miami (OH),193,RedHawks,M-OH,Mid-American,East
2019,Michigan,130,Wolverines,MICH,Big Ten,East
2019,Michigan State,127,Spartans,MSU,Big Ten,East
2019,Middle Tennessee,2393,Blue Raiders,MTSU,Conference USA,East
2019,Minnesota,135,Golden Gophers,MINN,Big Ten,West
2019,Mississippi State,344,Bulldogs,MSST,SEC,West
2019,Missouri,142,Tigers,MIZ,SEC,East
2019,Navy,2426,Midshipmen,NAVY,American Athletic,West
2019,NC State,152,Wolfpack,NCST,ACC,Atlantic
2019,Nebraska,158,Cornhuskers,NEB,Big Ten,West
2019,Nevada,2440,Wolf Pack,NEV,Mountain West,West
2019,New Mexico,167,Lobos,UNM,Mountain West,Mountain
2019,New Mexico State,166,Aggies,NMSU,FBS Independents,
2019,North Carolina,153,Tar Heels,UNC,ACC,Coastal
2019,Northern Illinois,2459,Huskies,NIU,Mid-American,West
2019,North Texas,249,Mean Green,UNT,Conference USA,West
2019,Northwestern,77,Wildcats,NW,Big Ten,West
2019,Notre Dame,87,Fighting Irish,ND,FBS Independents,
2019,Ohio,195,Bobcats,OHIO,Mid-American,East
2019,Ohio State,194,Buckeyes,OSU,Big Ten,East
2019,Oklahoma,201,Sooners,OKLA,Big 12,
2019,Oklahoma State,197,Cowboys,OKST,Big 12,
2019,Old Dominion,295,Monarchs,ODU,Conference USA,East
2019,Ole Miss,145,Rebels,MISS,SEC,West
2019,Oregon,2483,Ducks,ORE,Pac-12,North
2019,Oregon State,204,Beavers,ORST,Pac-12,North
2019,Penn State,213,Nittany Lions,PSU,Big Ten,East
2019,Pittsburgh,221,Panthers,PITT,ACC,Coastal
2019,Purdue,2509,Boilermakers,PUR,Big Ten,West
2019,Rice,242,Owls,RICE,Conference USA,West
2019,Rutgers,164,Scarlet Knights,RUTG,Big Ten,East
2019,San Diego State,21,Aztecs,SDSU,Mountain West,West
2019,San José State,23,Spartans,SJSU,Mountain West,West
2019,SMU,2567,Mustangs,SMU,American Athletic,West
2019,South Alabama,6,Jaguars,USA,Sun Belt,
2019,South Carolina,2579,Gamecocks,SC,SEC,East
2019,Southern Mississippi,2572,Golden Eagles,USM,Conference USA,West
2019,South Florida,58,Bulls,USF,American Athletic,East
2019,Stanford,24,Cardinal,STAN,Pac-12,North
2019,Syracuse,183,Orange,SYR,ACC,Atlantic
2019,TCU,2628,Horned Frogs,TCU,Big 12,
2019,Temple,218,Owls,TEM,American Athletic,East
2019,Tennessee,2633,Volunteers,TENN,SEC,East
2019,Texas,251,Longhorns,TEX,Big 12,
2019,Texas A&M,245,Aggies,TA&M,SEC,West
2019,Texas State,326,Bobcats,TXST,Sun Belt,
2019,Texas Tech,2641,Red Raiders,TTU,Big 12,
2019,Toledo,2649,Rockets,TOL,Mid-American,West
2019,Troy,2653,Trojans,TROY,Sun Belt,
2019,Tulane,2655,Green Wave,TULN,American Athletic,West
2019,Tulsa,202,Golden Hurricane,TLSA,American Athletic,West
2019,UAB,5,Blazers,UAB,Conference USA,West
2019,UCF,2116,Knights,UCF,American Athletic,East
2019,UCLA,26,Bruins,UCLA,Pac-12,South
2019,UMass,113,Minutemen,UMASS,FBS Independents,
2019,UNLV,2439,Rebels,UNLV,Mountain West,West
2019,USC,30,Trojans,USC,Pac-12,South
2019,Utah,254,Utes,UTAH,Pac-12,South
2019,Utah State,328,Aggies,USU,Mountain West,Mountain
2019,UTEP,2638,Miners,UTEP,Conference USA,West
2019,UT San Antonio,2636,Roadrunners,UTSA,Conference USA,West
2019,Vanderbilt,238,Commodores,VAN,SEC,East
2019,Virginia,258,Cavaliers,UVA,ACC,Coastal
2019,Virginia Tech,259,Hokies,VT,ACC,Coastal
2019,Wake Forest,154,Demon Deacons,WAKE,ACC,Atlantic
2019,Washington,264,Huskies,WASH,Pac-12,North
2019,Washington State,265,Cougars,WSU,Pac-12,North
2019,Western Kentucky,98,Hilltoppers,WKU,Conference USA,East
2019,Western Michigan,2711,Broncos,WMU,Mid-American,West
2019,West Virginia,277,Mountaineers,WVU,Big 12,
2019,Wisconsin,275,Badgers,WIS,Big Ten,West
2019,Wyoming,2751,Cowboys,WYO,Mountain West,Mountain
